{
	"credit": "Made with Blockbench",
	"textures": {
		"black": "guns/black",
		"gray1": "guns/gray1",
		"gray3": "guns/gray3"
	},
	"elements": [
		{
			"from": [1.25, 9, 8.75],
			"to": [8.75, 9.5, 9.75],
			"faces": {
				"north": {"uv": [7.25, 6.5, 14.75, 7], "texture": "#gray3"},
				"east": {"uv": [6.25, 6.5, 7.25, 7], "texture": "#gray3"},
				"south": {"uv": [1.25, 6.5, 8.75, 7], "texture": "#gray3"},
				"west": {"uv": [8.75, 6.5, 9.75, 7], "texture": "#gray3"},
				"up": {"uv": [1.25, 8.75, 8.75, 9.75], "texture": "#gray3"},
				"down": {"uv": [1.25, 6.25, 8.75, 7.25], "texture": "#gray3"}
			}
		},
		{
			"from": [1.5, 9.5, 8.75],
			"to": [14.5, 9.75, 9.75],
			"faces": {
				"north": {"uv": [1.5, 6.25, 14.5, 6.5], "texture": "#gray3"},
				"east": {"uv": [6.25, 6.25, 7.25, 6.5], "texture": "#gray3"},
				"south": {"uv": [1.5, 6.25, 14.5, 6.5], "texture": "#gray3"},
				"west": {"uv": [8.75, 6.25, 9.75, 6.5], "texture": "#gray3"},
				"up": {"uv": [1.5, 8.75, 14.5, 9.75], "texture": "#gray3"},
				"down": {"uv": [1.5, 6.25, 14.5, 7.25], "texture": "#gray3"}
			}
		},
		{
			"from": [2, 4.25, 8.75],
			"to": [5.75, 4.75, 9.75],
			"faces": {
				"north": {"uv": [10.25, 11.25, 14, 11.75], "texture": "#gray3"},
				"east": {"uv": [6.25, 11.25, 7.25, 11.75], "texture": "#gray3"},
				"south": {"uv": [2, 11.25, 5.75, 11.75], "texture": "#gray3"},
				"west": {"uv": [8.75, 11.25, 9.75, 11.75], "texture": "#gray3"},
				"up": {"uv": [2, 8.75, 5.75, 9.75], "texture": "#gray3"},
				"down": {"uv": [2, 6.25, 5.75, 7.25], "texture": "#gray3"}
			}
		},
		{
			"from": [2, 4.75, 8.75],
			"to": [2.25, 6, 9.75],
			"faces": {
				"north": {"uv": [13.75, 10, 14, 11.25], "texture": "#gray1"},
				"east": {"uv": [6.25, 10, 7.25, 11.25], "texture": "#gray1"},
				"south": {"uv": [2, 10, 2.25, 11.25], "texture": "#gray1"},
				"west": {"uv": [8.75, 10, 9.75, 11.25], "texture": "#gray1"},
				"up": {"uv": [2, 8.75, 2.25, 9.75], "texture": "#gray1"}
			}
		},
		{
			"from": [2, 10.75, 8.75],
			"to": [14, 11.25, 9.75],
			"faces": {
				"north": {"uv": [2, 4.75, 14, 5.25], "texture": "#gray3"},
				"east": {"uv": [6.25, 4.75, 7.25, 5.25], "texture": "#gray3"},
				"south": {"uv": [2, 4.75, 14, 5.25], "texture": "#gray3"},
				"west": {"uv": [8.75, 4.75, 9.75, 5.25], "texture": "#gray3"},
				"up": {"uv": [2, 8.75, 14, 9.75], "texture": "#gray3"},
				"down": {"uv": [2, 6.25, 14, 7.25], "texture": "#gray3"}
			}
		},
		{
			"from": [2, 11.25, 8.75],
			"to": [2.5, 11.5, 9.75],
			"faces": {
				"north": {"uv": [13.5, 4.5, 14, 4.75], "texture": "#gray3"},
				"east": {"uv": [6.25, 4.5, 7.25, 4.75], "texture": "#gray3"},
				"south": {"uv": [2, 4.5, 2.5, 4.75], "texture": "#gray3"},
				"west": {"uv": [8.75, 4.5, 9.75, 4.75], "texture": "#gray3"},
				"up": {"uv": [2, 8.75, 2.5, 9.75], "texture": "#gray3"}
			}
		},
		{
			"from": [2.25, 4.25, 8.5],
			"to": [5.5, 4.75, 8.75],
			"faces": {
				"north": {"uv": [10.5, 11.25, 13.75, 11.75], "texture": "#gray3"},
				"east": {"uv": [7.25, 11.25, 7.5, 11.75], "texture": "#gray3"},
				"west": {"uv": [8.5, 11.25, 8.75, 11.75], "texture": "#gray3"},
				"up": {"uv": [2.25, 8.5, 5.5, 8.75], "texture": "#gray3"},
				"down": {"uv": [2.25, 7.25, 5.5, 7.5], "texture": "#gray3"}
			}
		},
		{
			"from": [2.25, 4.25, 9.75],
			"to": [5.5, 4.75, 10],
			"faces": {
				"east": {"uv": [6, 11.25, 6.25, 11.75], "texture": "#gray3"},
				"south": {"uv": [2.25, 11.25, 5.5, 11.75], "texture": "#gray3"},
				"west": {"uv": [9.75, 11.25, 10, 11.75], "texture": "#gray3"},
				"up": {"uv": [2.25, 9.75, 5.5, 10], "texture": "#gray3"},
				"down": {"uv": [2.25, 6, 5.5, 6.25], "texture": "#gray3"}
			}
		},
		{
			"from": [2.25, 4.75, 8.5],
			"to": [5, 6, 8.75],
			"faces": {
				"north": {"uv": [11, 10, 13.75, 11.25], "texture": "#gray1"},
				"east": {"uv": [7.25, 10, 7.5, 11.25], "texture": "#gray1"},
				"south": {"uv": [2.25, 10, 5, 11.25], "texture": "#gray1"},
				"west": {"uv": [8.5, 10, 8.75, 11.25], "texture": "#gray1"},
				"up": {"uv": [2.25, 8.5, 5, 8.75], "texture": "#gray1"}
			}
		},
		{
			"from": [2.25, 4.75, 8.75],
			"to": [5.75, 5, 9.75],
			"faces": {
				"north": {"uv": [10.25, 11, 13.75, 11.25], "texture": "#gray3"},
				"east": {"uv": [6.25, 11, 7.25, 11.25], "texture": "#gray3"},
				"south": {"uv": [2.25, 11, 5.75, 11.25], "texture": "#gray3"},
				"up": {"uv": [2.25, 8.75, 5.75, 9.75], "texture": "#gray3"}
			}
		},
		{
			"from": [2.25, 4.75, 9.75],
			"to": [5, 6, 10],
			"faces": {
				"north": {"uv": [11, 10, 13.75, 11.25], "texture": "#gray1"},
				"east": {"uv": [6, 10, 6.25, 11.25], "texture": "#gray1"},
				"south": {"uv": [2.25, 10, 5, 11.25], "texture": "#gray1"},
				"west": {"uv": [9.75, 10, 10, 11.25], "texture": "#gray1"},
				"up": {"uv": [2.25, 9.75, 5, 10], "texture": "#gray1"}
			}
		},
		{
			"from": [2.25, 5, 8.75],
			"to": [5, 6.5, 9.75],
			"faces": {
				"north": {"uv": [11, 9.5, 13.75, 11], "texture": "#gray1"},
				"east": {"uv": [6.25, 9.5, 7.25, 11], "texture": "#gray1"},
				"south": {"uv": [2.25, 9.5, 5, 11], "texture": "#gray1"},
				"west": {"uv": [8.75, 9.5, 9.75, 11], "texture": "#gray1"},
				"up": {"uv": [2.25, 8.75, 5, 9.75], "texture": "#gray1"}
			}
		},
		{
			"from": [2.25, 9.25, 8.5],
			"to": [3.5, 10.25, 8.75],
			"faces": {
				"north": {"uv": [12.5, 5.75, 13.75, 6.75], "texture": "#gray3"},
				"east": {"uv": [7.25, 5.75, 7.5, 6.75], "texture": "#gray3"},
				"south": {"uv": [2.25, 5.75, 3.5, 6.75], "texture": "#gray3"},
				"west": {"uv": [8.5, 5.75, 8.75, 6.75], "texture": "#gray3"},
				"up": {"uv": [2.25, 8.5, 3.5, 8.75], "texture": "#gray3"},
				"down": {"uv": [2.25, 7.25, 3.5, 7.5], "texture": "#gray3"}
			}
		},
		{
			"from": [2.25, 9.25, 9.75],
			"to": [3.5, 10.25, 10],
			"faces": {
				"north": {"uv": [12.5, 5.75, 13.75, 6.75], "texture": "#gray3"},
				"east": {"uv": [6, 5.75, 6.25, 6.75], "texture": "#gray3"},
				"south": {"uv": [2.25, 5.75, 3.5, 6.75], "texture": "#gray3"},
				"west": {"uv": [9.75, 5.75, 10, 6.75], "texture": "#gray3"},
				"up": {"uv": [2.25, 9.75, 3.5, 10], "texture": "#gray3"},
				"down": {"uv": [2.25, 6, 3.5, 6.25], "texture": "#gray3"}
			}
		},
		{
			"from": [2.25, 9.5, 8.25],
			"to": [7, 9.75, 8.5],
			"faces": {
				"north": {"uv": [9, 6.25, 13.75, 6.5], "texture": "#gray3"},
				"east": {"uv": [7.5, 6.25, 7.75, 6.5], "texture": "#gray3"},
				"south": {"uv": [2.25, 6.25, 7, 6.5], "texture": "#gray3"},
				"west": {"uv": [8.25, 6.25, 8.5, 6.5], "texture": "#gray3"},
				"up": {"uv": [2.25, 8.25, 7, 8.5], "texture": "#gray3"},
				"down": {"uv": [2.25, 7.5, 7, 7.75], "texture": "#gray3"}
			}
		},
		{
			"from": [2.25, 9.5, 10],
			"to": [7, 9.75, 10.25],
			"faces": {
				"north": {"uv": [9, 6.25, 13.75, 6.5], "texture": "#gray3"},
				"east": {"uv": [5.75, 6.25, 6, 6.5], "texture": "#gray3"},
				"south": {"uv": [2.25, 6.25, 7, 6.5], "texture": "#gray3"},
				"west": {"uv": [10, 6.25, 10.25, 6.5], "texture": "#gray3"},
				"up": {"uv": [2.25, 10, 7, 10.25], "texture": "#gray3"},
				"down": {"uv": [2.25, 5.75, 7, 6], "texture": "#gray3"}
			}
		},
		{
			"from": [2.25, 9.75, 8.25],
			"to": [2.75, 10.25, 8.5],
			"faces": {
				"north": {"uv": [13.25, 5.75, 13.75, 6.25], "texture": "#gray3"},
				"east": {"uv": [7.5, 5.75, 7.75, 6.25], "texture": "#gray3"},
				"west": {"uv": [8.25, 5.75, 8.5, 6.25], "texture": "#gray3"},
				"up": {"uv": [2.25, 8.25, 2.75, 8.5], "texture": "#gray3"}
			}
		},
		{
			"from": [2.25, 9.75, 8.75],
			"to": [14.75, 10.25, 9.75],
			"faces": {
				"north": {"uv": [1.25, 5.75, 13.75, 6.25], "texture": "#gray3"},
				"east": {"uv": [6.25, 5.75, 7.25, 6.25], "texture": "#gray3"},
				"south": {"uv": [2.25, 5.75, 14.75, 6.25], "texture": "#gray3"},
				"west": {"uv": [8.75, 5.75, 9.75, 6.25], "texture": "#gray3"},
				"up": {"uv": [2.25, 8.75, 14.75, 9.75], "texture": "#gray3"},
				"down": {"uv": [2.25, 6.25, 14.75, 7.25], "texture": "#gray3"}
			}
		},
		{
			"from": [2.25, 9.75, 10],
			"to": [2.75, 10.25, 10.25],
			"faces": {
				"east": {"uv": [5.75, 5.75, 6, 6.25], "texture": "#gray3"},
				"south": {"uv": [2.25, 5.75, 2.75, 6.25], "texture": "#gray3"},
				"west": {"uv": [10, 5.75, 10.25, 6.25], "texture": "#gray3"},
				"up": {"uv": [2.25, 10, 2.75, 10.25], "texture": "#gray3"}
			}
		},
		{
			"from": [2.25, 10.5, 8.75],
			"to": [14, 10.75, 9.75],
			"faces": {
				"north": {"uv": [2, 5.25, 13.75, 5.5], "texture": "#gray3"},
				"south": {"uv": [2.25, 5.25, 14, 5.5], "texture": "#gray3"},
				"west": {"uv": [8.75, 5.25, 9.75, 5.5], "texture": "#gray3"},
				"down": {"uv": [2.25, 6.25, 14, 7.25], "texture": "#gray3"}
			}
		},
		{
			"from": [2.5, 6, 8.5],
			"to": [5.25, 6.5, 8.75],
			"faces": {
				"north": {"uv": [10.75, 9.5, 13.5, 10], "texture": "#gray1"},
				"south": {"uv": [2.5, 9.5, 5.25, 10], "texture": "#gray1"},
				"west": {"uv": [8.5, 9.5, 8.75, 10], "texture": "#gray1"},
				"up": {"uv": [2.5, 8.5, 5.25, 8.75], "texture": "#gray1"},
				"down": {"uv": [2.5, 7.25, 5.25, 7.5], "texture": "#gray1"}
			}
		},
		{
			"from": [2.5, 6, 9.75],
			"to": [5.25, 6.5, 10],
			"faces": {
				"north": {"uv": [10.75, 9.5, 13.5, 10], "texture": "#gray1"},
				"south": {"uv": [2.5, 9.5, 5.25, 10], "texture": "#gray1"},
				"west": {"uv": [9.75, 9.5, 10, 10], "texture": "#gray1"},
				"up": {"uv": [2.5, 9.75, 5.25, 10], "texture": "#gray1"},
				"down": {"uv": [2.5, 6, 5.25, 6.25], "texture": "#gray1"}
			}
		},
		{
			"from": [2.5, 6.5, 8.75],
			"to": [5.75, 7.25, 9.75],
			"faces": {
				"north": {"uv": [10.25, 8.75, 13.5, 9.5], "texture": "#gray1"},
				"south": {"uv": [2.5, 8.75, 5.75, 9.5], "texture": "#gray1"},
				"west": {"uv": [8.75, 8.75, 9.75, 9.5], "texture": "#gray1"},
				"up": {"uv": [2.5, 8.75, 5.75, 9.75], "texture": "#gray1"},
				"down": {"uv": [2.5, 6.25, 5.75, 7.25], "texture": "#gray1"}
			}
		},
		{
			"from": [2.5, 10.25, 8.25],
			"to": [3, 10.75, 8.75],
			"faces": {
				"north": {"uv": [13, 5.25, 13.5, 5.75], "texture": "#gray3"},
				"east": {"uv": [7.25, 5.25, 7.75, 5.75], "texture": "#gray3"},
				"south": {"uv": [2.5, 5.25, 3, 5.75], "texture": "#gray3"},
				"west": {"uv": [8.25, 5.25, 8.75, 5.75], "texture": "#gray3"},
				"up": {"uv": [2.5, 8.25, 3, 8.75], "texture": "#gray3"},
				"down": {"uv": [2.5, 7.25, 3, 7.75], "texture": "#gray3"}
			}
		},
		{
			"from": [2.5, 10.25, 8.75],
			"to": [14, 10.5, 10],
			"faces": {
				"north": {"uv": [2, 5.5, 13.5, 5.75], "texture": "#gray3"},
				"east": {"uv": [6, 5.5, 7.25, 5.75], "texture": "#gray3"},
				"south": {"uv": [2.5, 5.5, 14, 5.75], "texture": "#gray3"},
				"west": {"uv": [8.75, 5.5, 10, 5.75], "texture": "#gray3"},
				"up": {"uv": [2.5, 8.75, 14, 10], "texture": "#gray3"},
				"down": {"uv": [2.5, 6, 14, 7.25], "texture": "#gray3"}
			}
		},
		{
			"from": [2.5, 10.25, 10],
			"to": [3, 10.75, 10.25],
			"faces": {
				"north": {"uv": [13, 5.25, 13.5, 5.75], "texture": "#gray3"},
				"east": {"uv": [5.75, 5.25, 6, 5.75], "texture": "#gray3"},
				"south": {"uv": [2.5, 5.25, 3, 5.75], "texture": "#gray3"},
				"west": {"uv": [10, 5.25, 10.25, 5.75], "texture": "#gray3"},
				"up": {"uv": [2.5, 10, 3, 10.25], "texture": "#gray3"},
				"down": {"uv": [2.5, 5.75, 3, 6], "texture": "#gray3"}
			}
		},
		{
			"from": [2.5, 10.5, 9.75],
			"to": [15, 10.75, 10],
			"faces": {
				"north": {"uv": [1, 5.25, 13.5, 5.5], "texture": "#gray3"},
				"east": {"uv": [6, 5.25, 6.25, 5.5], "texture": "#gray3"},
				"south": {"uv": [2.5, 5.25, 15, 5.5], "texture": "#gray3"},
				"west": {"uv": [9.75, 5.25, 10, 5.5], "texture": "#gray3"},
				"up": {"uv": [2.5, 9.75, 15, 10], "texture": "#gray3"},
				"down": {"uv": [2.5, 6, 15, 6.25], "texture": "#gray3"}
			}
		},
		{
			"from": [2.75, 6.5, 8.5],
			"to": [5.25, 7.25, 8.75],
			"faces": {
				"north": {"uv": [10.75, 8.75, 13.25, 9.5], "texture": "#gray1"},
				"west": {"uv": [8.5, 8.75, 8.75, 9.5], "texture": "#gray1"},
				"up": {"uv": [2.75, 8.5, 5.25, 8.75], "texture": "#gray1"}
			}
		},
		{
			"from": [2.75, 6.5, 9.75],
			"to": [5.25, 7.25, 10],
			"faces": {
				"south": {"uv": [2.75, 8.75, 5.25, 9.5], "texture": "#gray1"},
				"west": {"uv": [9.75, 8.75, 10, 9.5], "texture": "#gray1"},
				"up": {"uv": [2.75, 9.75, 5.25, 10], "texture": "#gray1"}
			}
		},
		{
			"from": [2.75, 7.25, 8.75],
			"to": [5.25, 7.75, 9.75],
			"faces": {
				"north": {"uv": [10.75, 8.25, 13.25, 8.75], "texture": "#gray1"},
				"south": {"uv": [2.75, 8.25, 5.25, 8.75], "texture": "#gray1"},
				"west": {"uv": [8.75, 8.25, 9.75, 8.75], "texture": "#gray1"},
				"up": {"uv": [2.75, 8.75, 5.25, 9.75], "texture": "#gray1"}
			}
		},
		{
			"from": [2.75, 8.75, 8.75],
			"to": [3.75, 9, 9.75],
			"faces": {
				"north": {"uv": [12.25, 7, 13.25, 7.25], "texture": "#gray3"},
				"south": {"uv": [2.75, 7, 3.75, 7.25], "texture": "#gray3"},
				"west": {"uv": [8.75, 7, 9.75, 7.25], "texture": "#gray3"},
				"down": {"uv": [2.75, 6.25, 3.75, 7.25], "texture": "#gray3"}
			}
		},
		{
			"from": [2.75, 9, 8.5],
			"to": [3.5, 9.25, 8.75],
			"faces": {
				"north": {"uv": [12.5, 6.75, 13.25, 7], "texture": "#gray3"},
				"west": {"uv": [8.5, 6.75, 8.75, 7], "texture": "#gray3"},
				"down": {"uv": [2.75, 7.25, 3.5, 7.5], "texture": "#gray3"}
			}
		},
		{
			"from": [2.75, 9, 9.75],
			"to": [3.5, 9.25, 10],
			"faces": {
				"south": {"uv": [2.75, 6.75, 3.5, 7], "texture": "#gray3"},
				"west": {"uv": [9.75, 6.75, 10, 7], "texture": "#gray3"},
				"down": {"uv": [2.75, 6, 3.5, 6.25], "texture": "#gray3"}
			}
		},
		{
			"from": [2.75, 10, 8.25],
			"to": [3, 10.25, 8.5],
			"faces": {
				"north": {"uv": [13, 5.75, 13.25, 6], "texture": "#gray3"},
				"east": {"uv": [7.5, 5.75, 7.75, 6], "texture": "#gray3"},
				"down": {"uv": [2.75, 7.5, 3, 7.75], "texture": "#gray3"}
			}
		},
		{
			"from": [2.75, 10, 10],
			"to": [3, 10.25, 10.25],
			"faces": {
				"east": {"uv": [5.75, 5.75, 6, 6], "texture": "#gray3"},
				"south": {"uv": [2.75, 5.75, 3, 6], "texture": "#gray3"},
				"down": {"uv": [2.75, 5.75, 3, 6], "texture": "#gray3"}
			}
		},
		{
			"from": [3, 7.25, 8.5],
			"to": [5.25, 7.75, 8.75],
			"faces": {
				"north": {"uv": [10.75, 8.25, 13, 8.75], "texture": "#gray1"},
				"west": {"uv": [8.5, 8.25, 8.75, 8.75], "texture": "#gray1"},
				"up": {"uv": [3, 8.5, 5.25, 8.75], "texture": "#gray1"}
			}
		},
		{
			"from": [3, 7.25, 9.75],
			"to": [5.25, 7.75, 10],
			"faces": {
				"south": {"uv": [3, 8.25, 5.25, 8.75], "texture": "#gray1"},
				"west": {"uv": [9.75, 8.25, 10, 8.75], "texture": "#gray1"},
				"up": {"uv": [3, 9.75, 5.25, 10], "texture": "#gray1"}
			}
		},
		{
			"from": [3, 7.75, 8.75],
			"to": [6.25, 8, 9.75],
			"faces": {
				"north": {"uv": [9.75, 8, 13, 8.25], "texture": "#gray1"},
				"south": {"uv": [3, 8, 6.25, 8.25], "texture": "#gray1"},
				"west": {"uv": [8.75, 8, 9.75, 8.25], "texture": "#gray1"},
				"up": {"uv": [3, 8.75, 6.25, 9.75], "texture": "#gray1"},
				"down": {"uv": [3, 6.25, 6.25, 7.25], "texture": "#gray1"}
			}
		},
		{
			"from": [3, 8, 8.75],
			"to": [5.5, 8.5, 9.75],
			"faces": {
				"north": {"uv": [10.5, 7.5, 13, 8], "texture": "#gray1"},
				"south": {"uv": [3, 7.5, 5.5, 8], "texture": "#gray1"},
				"west": {"uv": [8.75, 7.5, 9.75, 8], "texture": "#gray1"},
				"up": {"uv": [3, 8.75, 5.5, 9.75], "texture": "#gray1"}
			}
		},
		{
			"from": [3, 8.5, 8.75],
			"to": [3.75, 8.75, 9.75],
			"faces": {
				"north": {"uv": [12.25, 7.25, 13, 7.5], "texture": "#gray3"},
				"south": {"uv": [3, 7.25, 3.75, 7.5], "texture": "#gray3"},
				"west": {"uv": [8.75, 7.25, 9.75, 7.5], "texture": "#gray3"}
			}
		},
		{
			"from": [3, 8.75, 8.5],
			"to": [3.5, 9, 8.75],
			"faces": {
				"north": {"uv": [12.5, 7, 13, 7.25], "texture": "#gray3"},
				"west": {"uv": [8.5, 7, 8.75, 7.25], "texture": "#gray3"},
				"down": {"uv": [3, 7.25, 3.5, 7.5], "texture": "#gray3"}
			}
		},
		{
			"from": [3, 8.75, 9.75],
			"to": [3.5, 9, 10],
			"faces": {
				"south": {"uv": [3, 7, 3.5, 7.25], "texture": "#gray3"},
				"west": {"uv": [9.75, 7, 10, 7.25], "texture": "#gray3"},
				"down": {"uv": [3, 6, 3.5, 6.25], "texture": "#gray3"}
			}
		},
		{
			"from": [3, 9.75, 8.25],
			"to": [3.25, 10, 8.5],
			"faces": {
				"north": {"uv": [12.75, 6, 13, 6.25], "texture": "#gray3"},
				"east": {"uv": [7.5, 6, 7.75, 6.25], "texture": "#gray3"},
				"west": {"uv": [8.25, 6, 8.5, 6.25], "texture": "#gray3"},
				"up": {"uv": [3, 8.25, 3.25, 8.5], "texture": "#gray3"}
			}
		},
		{
			"from": [3, 9.75, 10],
			"to": [3.25, 10, 10.25],
			"faces": {
				"east": {"uv": [5.75, 6, 6, 6.25], "texture": "#gray3"},
				"south": {"uv": [3, 6, 3.25, 6.25], "texture": "#gray3"},
				"west": {"uv": [10, 6, 10.25, 6.25], "texture": "#gray3"},
				"up": {"uv": [3, 10, 3.25, 10.25], "texture": "#gray3"}
			}
		},
		{
			"from": [3, 10.25, 8.5],
			"to": [15, 11.25, 8.75],
			"faces": {
				"north": {"uv": [1, 4.75, 13, 5.75], "texture": "#gray3"},
				"east": {"uv": [7.25, 4.75, 7.5, 5.75], "texture": "#gray3"},
				"south": {"uv": [3, 4.75, 15, 5.75], "texture": "#gray3"},
				"west": {"uv": [8.5, 4.75, 8.75, 5.75], "texture": "#gray3"},
				"up": {"uv": [3, 8.5, 15, 8.75], "texture": "#gray3"},
				"down": {"uv": [3, 7.25, 15, 7.5], "texture": "#gray3"}
			}
		},
		{
			"from": [3, 10.5, 8.25],
			"to": [3.25, 11.5, 8.5],
			"faces": {
				"north": {"uv": [12.75, 4.5, 13, 5.5], "texture": "#gray3"},
				"east": {"uv": [7.5, 4.5, 7.75, 5.5], "texture": "#gray3"},
				"south": {"uv": [3, 4.5, 3.25, 5.5], "texture": "#gray3"},
				"west": {"uv": [8.25, 4.5, 8.5, 5.5], "texture": "#gray3"},
				"up": {"uv": [3, 8.25, 3.25, 8.5], "texture": "#gray3"},
				"down": {"uv": [3, 7.5, 3.25, 7.75], "texture": "#gray3"}
			}
		},
		{
			"from": [3, 10.5, 10],
			"to": [3.25, 11.5, 10.25],
			"faces": {
				"north": {"uv": [12.75, 4.5, 13, 5.5], "texture": "#gray3"},
				"east": {"uv": [5.75, 4.5, 6, 5.5], "texture": "#gray3"},
				"south": {"uv": [3, 4.5, 3.25, 5.5], "texture": "#gray3"},
				"west": {"uv": [10, 4.5, 10.25, 5.5], "texture": "#gray3"},
				"up": {"uv": [3, 10, 3.25, 10.25], "texture": "#gray3"},
				"down": {"uv": [3, 5.75, 3.25, 6], "texture": "#gray3"}
			}
		},
		{
			"from": [3, 10.75, 9.75],
			"to": [15, 11.25, 10],
			"faces": {
				"north": {"uv": [1, 4.75, 13, 5.25], "texture": "#gray3"},
				"east": {"uv": [6, 4.75, 6.25, 5.25], "texture": "#gray3"},
				"south": {"uv": [3, 4.75, 15, 5.25], "texture": "#gray3"},
				"west": {"uv": [9.75, 4.75, 10, 5.25], "texture": "#gray3"},
				"up": {"uv": [3, 9.75, 15, 10], "texture": "#gray3"}
			}
		},
		{
			"from": [3, 11.25, 8.5],
			"to": [7, 11.5, 10],
			"faces": {
				"north": {"uv": [9, 4.5, 13, 4.75], "texture": "#gray3"},
				"east": {"uv": [6, 4.5, 7.5, 4.75], "texture": "#gray3"},
				"south": {"uv": [3, 4.5, 7, 4.75], "texture": "#gray3"},
				"west": {"uv": [8.5, 4.5, 10, 4.75], "texture": "#gray3"},
				"up": {"uv": [3, 8.5, 7, 10], "texture": "#gray3"},
				"down": {"uv": [3, 6, 7, 7.5], "texture": "#gray3"}
			}
		},
		{
			"from": [3.25, 7.75, 8.5],
			"to": [5.5, 8.5, 8.75],
			"faces": {
				"north": {"uv": [10.5, 7.5, 12.75, 8.25], "texture": "#gray1"},
				"south": {"uv": [3.25, 7.5, 5.5, 8.25], "texture": "#gray1"},
				"west": {"uv": [8.5, 7.5, 8.75, 8.25], "texture": "#gray1"},
				"up": {"uv": [3.25, 8.5, 5.5, 8.75], "texture": "#gray1"},
				"down": {"uv": [3.25, 7.25, 5.5, 7.5], "texture": "#gray1"}
			}
		},
		{
			"from": [3.25, 7.75, 9.75],
			"to": [5.5, 8.5, 10],
			"faces": {
				"north": {"uv": [10.5, 7.5, 12.75, 8.25], "texture": "#gray1"},
				"south": {"uv": [3.25, 7.5, 5.5, 8.25], "texture": "#gray1"},
				"west": {"uv": [9.75, 7.5, 10, 8.25], "texture": "#gray1"},
				"up": {"uv": [3.25, 9.75, 5.5, 10], "texture": "#gray1"},
				"down": {"uv": [3.25, 6, 5.5, 6.25], "texture": "#gray1"}
			}
		},
		{
			"from": [3.25, 8.5, 8.5],
			"to": [3.5, 8.75, 8.75],
			"faces": {
				"north": {"uv": [12.5, 7.25, 12.75, 7.5], "texture": "#gray3"},
				"west": {"uv": [8.5, 7.25, 8.75, 7.5], "texture": "#gray3"}
			}
		},
		{
			"from": [3.25, 8.5, 9.75],
			"to": [3.5, 8.75, 10],
			"faces": {
				"south": {"uv": [3.25, 7.25, 3.5, 7.5], "texture": "#gray3"},
				"west": {"uv": [9.75, 7.25, 10, 7.5], "texture": "#gray3"}
			}
		},
		{
			"from": [3.25, 10, 8.25],
			"to": [3.5, 10.5, 8.5],
			"faces": {
				"north": {"uv": [12.5, 5.5, 12.75, 6], "texture": "#gray3"},
				"east": {"uv": [7.5, 5.5, 7.75, 6], "texture": "#gray3"},
				"south": {"uv": [3.25, 5.5, 3.5, 6], "texture": "#gray3"},
				"west": {"uv": [8.25, 5.5, 8.5, 6], "texture": "#gray3"},
				"up": {"uv": [3.25, 8.25, 3.5, 8.5], "texture": "#gray3"},
				"down": {"uv": [3.25, 7.5, 3.5, 7.75], "texture": "#gray3"}
			}
		},
		{
			"from": [3.25, 10, 10],
			"to": [3.5, 10.5, 10.25],
			"faces": {
				"north": {"uv": [12.5, 5.5, 12.75, 6], "texture": "#gray3"},
				"east": {"uv": [5.75, 5.5, 6, 6], "texture": "#gray3"},
				"south": {"uv": [3.25, 5.5, 3.5, 6], "texture": "#gray3"},
				"west": {"uv": [10, 5.5, 10.25, 6], "texture": "#gray3"},
				"up": {"uv": [3.25, 10, 3.5, 10.25], "texture": "#gray3"},
				"down": {"uv": [3.25, 5.75, 3.5, 6], "texture": "#gray3"}
			}
		},
		{
			"from": [3.25, 11, 8.25],
			"to": [3.5, 11.5, 8.5],
			"faces": {
				"north": {"uv": [12.5, 4.5, 12.75, 5], "texture": "#gray3"},
				"east": {"uv": [7.5, 4.5, 7.75, 5], "texture": "#gray3"},
				"south": {"uv": [3.25, 4.5, 3.5, 5], "texture": "#gray3"},
				"up": {"uv": [3.25, 8.25, 3.5, 8.5], "texture": "#gray3"},
				"down": {"uv": [3.25, 7.5, 3.5, 7.75], "texture": "#gray3"}
			}
		},
		{
			"from": [3.25, 11, 10],
			"to": [3.5, 11.5, 10.25],
			"faces": {
				"north": {"uv": [12.5, 4.5, 12.75, 5], "texture": "#gray3"},
				"east": {"uv": [5.75, 4.5, 6, 5], "texture": "#gray3"},
				"south": {"uv": [3.25, 4.5, 3.5, 5], "texture": "#gray3"},
				"up": {"uv": [3.25, 10, 3.5, 10.25], "texture": "#gray3"},
				"down": {"uv": [3.25, 5.75, 3.5, 6], "texture": "#gray3"}
			}
		},
		{
			"from": [3.5, 8.5, 8.5],
			"to": [5.5, 9, 8.75],
			"faces": {
				"north": {"uv": [10.5, 7, 12.5, 7.5], "texture": "#gray1"},
				"south": {"uv": [3.5, 7, 5.5, 7.5], "texture": "#gray1"},
				"west": {"uv": [8.5, 7, 8.75, 7.5], "texture": "#gray1"},
				"up": {"uv": [3.5, 8.5, 5.5, 8.75], "texture": "#gray1"}
			}
		},
		{
			"from": [3.5, 8.5, 9.75],
			"to": [5.5, 9, 10],
			"faces": {
				"north": {"uv": [10.5, 7, 12.5, 7.5], "texture": "#gray1"},
				"south": {"uv": [3.5, 7, 5.5, 7.5], "texture": "#gray1"},
				"west": {"uv": [9.75, 7, 10, 7.5], "texture": "#gray1"},
				"up": {"uv": [3.5, 9.75, 5.5, 10], "texture": "#gray1"}
			}
		},
		{
			"from": [3.5, 9, 8.5],
			"to": [4.5, 9.5, 8.75],
			"faces": {
				"north": {"uv": [11.5, 6.5, 12.5, 7], "texture": "#gray1"},
				"west": {"uv": [8.5, 6.5, 8.75, 7], "texture": "#gray1"}
			}
		},
		{
			"from": [3.5, 9, 9.75],
			"to": [4.5, 9.5, 10],
			"faces": {
				"south": {"uv": [3.5, 6.5, 4.5, 7], "texture": "#gray1"},
				"west": {"uv": [9.75, 6.5, 10, 7], "texture": "#gray1"}
			}
		},
		{
			"from": [3.5, 9.5, 8.5],
			"to": [14.5, 10.25, 8.75],
			"faces": {
				"north": {"uv": [1.5, 5.75, 12.5, 6.5], "texture": "#gray3"},
				"east": {"uv": [7.25, 5.75, 7.5, 6.5], "texture": "#gray3"},
				"south": {"uv": [3.5, 5.75, 14.5, 6.5], "texture": "#gray3"},
				"down": {"uv": [3.5, 7.25, 14.5, 7.5], "texture": "#gray3"}
			}
		},
		{
			"from": [3.5, 9.5, 9.75],
			"to": [14.5, 10.25, 10],
			"faces": {
				"north": {"uv": [1.5, 5.75, 12.5, 6.5], "texture": "#gray3"},
				"east": {"uv": [6, 5.75, 6.25, 6.5], "texture": "#gray3"},
				"south": {"uv": [3.5, 5.75, 14.5, 6.5], "texture": "#gray3"},
				"up": {"uv": [3.5, 9.75, 14.5, 10], "texture": "#gray3"},
				"down": {"uv": [3.5, 6, 14.5, 6.25], "texture": "#gray3"}
			}
		},
		{
			"from": [3.5, 9.75, 8.25],
			"to": [3.75, 10, 8.5],
			"faces": {
				"north": {"uv": [12.25, 6, 12.5, 6.25], "texture": "#gray3"},
				"east": {"uv": [7.5, 6, 7.75, 6.25], "texture": "#gray3"},
				"west": {"uv": [8.25, 6, 8.5, 6.25], "texture": "#gray3"},
				"up": {"uv": [3.5, 8.25, 3.75, 8.5], "texture": "#gray3"}
			}
		},
		{
			"from": [3.5, 9.75, 10],
			"to": [3.75, 10, 10.25],
			"faces": {
				"east": {"uv": [5.75, 6, 6, 6.25], "texture": "#gray3"},
				"south": {"uv": [3.5, 6, 3.75, 6.25], "texture": "#gray3"},
				"west": {"uv": [10, 6, 10.25, 6.25], "texture": "#gray3"},
				"up": {"uv": [3.5, 10, 3.75, 10.25], "texture": "#gray3"}
			}
		},
		{
			"from": [3.5, 10.5, 8.25],
			"to": [3.75, 11, 8.5],
			"faces": {
				"north": {"uv": [12.25, 5, 12.5, 5.5], "texture": "#gray3"},
				"east": {"uv": [7.5, 5, 7.75, 5.5], "texture": "#gray3"},
				"west": {"uv": [8.25, 5, 8.5, 5.5], "texture": "#gray3"},
				"up": {"uv": [3.5, 8.25, 3.75, 8.5], "texture": "#gray3"},
				"down": {"uv": [3.5, 7.5, 3.75, 7.75], "texture": "#gray3"}
			}
		},
		{
			"from": [3.5, 10.5, 10],
			"to": [3.75, 11, 10.25],
			"faces": {
				"north": {"uv": [12.25, 5, 12.5, 5.5], "texture": "#gray3"},
				"east": {"uv": [5.75, 5, 6, 5.5], "texture": "#gray3"},
				"south": {"uv": [3.5, 5, 3.75, 5.5], "texture": "#gray3"},
				"west": {"uv": [10, 5, 10.25, 5.5], "texture": "#gray3"},
				"up": {"uv": [3.5, 10, 3.75, 10.25], "texture": "#gray3"},
				"down": {"uv": [3.5, 5.75, 3.75, 6], "texture": "#gray3"}
			}
		},
		{
			"from": [3.5, 11.25, 8.25],
			"to": [7, 11.5, 8.5],
			"faces": {
				"north": {"uv": [9, 4.5, 12.5, 4.75], "texture": "#gray3"},
				"east": {"uv": [7.5, 4.5, 7.75, 4.75], "texture": "#gray3"},
				"up": {"uv": [3.5, 8.25, 7, 8.5], "texture": "#gray3"},
				"down": {"uv": [3.5, 7.5, 7, 7.75], "texture": "#gray3"}
			}
		},
		{
			"from": [3.5, 11.25, 10],
			"to": [7, 11.5, 10.25],
			"faces": {
				"east": {"uv": [5.75, 4.5, 6, 4.75], "texture": "#gray3"},
				"south": {"uv": [3.5, 4.5, 7, 4.75], "texture": "#gray3"},
				"up": {"uv": [3.5, 10, 7, 10.25], "texture": "#gray3"},
				"down": {"uv": [3.5, 5.75, 7, 6], "texture": "#gray3"}
			}
		},
		{
			"from": [3.5, 11.5, 9],
			"to": [4.25, 11.75, 9.5],
			"faces": {
				"north": {"uv": [11.75, 4.25, 12.5, 4.5], "texture": "#gray3"},
				"east": {"uv": [6.5, 4.25, 7, 4.5], "texture": "#gray3"},
				"south": {"uv": [3.5, 4.25, 4.25, 4.5], "texture": "#gray3"},
				"west": {"uv": [9, 4.25, 9.5, 4.5], "texture": "#gray3"},
				"up": {"uv": [3.5, 9, 4.25, 9.5], "texture": "#gray3"}
			}
		},
		{
			"from": [3.75, 8.5, 8.75],
			"to": [5.75, 8.75, 9.75],
			"faces": {
				"north": {"uv": [10.25, 7.25, 12.25, 7.5], "texture": "#gray1"},
				"south": {"uv": [3.75, 7.25, 5.75, 7.5], "texture": "#gray1"},
				"up": {"uv": [3.75, 8.75, 5.75, 9.75], "texture": "#gray1"},
				"down": {"uv": [3.75, 6.25, 5.75, 7.25], "texture": "#gray1"}
			}
		},
		{
			"from": [3.75, 10, 8.25],
			"to": [4, 10.5, 8.5],
			"faces": {
				"north": {"uv": [12, 5.5, 12.25, 6], "texture": "#gray3"},
				"east": {"uv": [7.5, 5.5, 7.75, 6], "texture": "#gray3"},
				"south": {"uv": [3.75, 5.5, 4, 6], "texture": "#gray3"},
				"west": {"uv": [8.25, 5.5, 8.5, 6], "texture": "#gray3"},
				"up": {"uv": [3.75, 8.25, 4, 8.5], "texture": "#gray3"},
				"down": {"uv": [3.75, 7.5, 4, 7.75], "texture": "#gray3"}
			}
		},
		{
			"from": [3.75, 10, 10],
			"to": [4, 10.5, 10.25],
			"faces": {
				"north": {"uv": [12, 5.5, 12.25, 6], "texture": "#gray3"},
				"east": {"uv": [5.75, 5.5, 6, 6], "texture": "#gray3"},
				"south": {"uv": [3.75, 5.5, 4, 6], "texture": "#gray3"},
				"west": {"uv": [10, 5.5, 10.25, 6], "texture": "#gray3"},
				"up": {"uv": [3.75, 10, 4, 10.25], "texture": "#gray3"},
				"down": {"uv": [3.75, 5.75, 4, 6], "texture": "#gray3"}
			}
		},
		{
			"from": [3.75, 11, 8.25],
			"to": [4, 11.25, 8.5],
			"faces": {
				"north": {"uv": [12, 4.75, 12.25, 5], "texture": "#gray3"},
				"east": {"uv": [7.5, 4.75, 7.75, 5], "texture": "#gray3"},
				"west": {"uv": [8.25, 4.75, 8.5, 5], "texture": "#gray3"},
				"down": {"uv": [3.75, 7.5, 4, 7.75], "texture": "#gray3"}
			}
		},
		{
			"from": [3.75, 11, 10],
			"to": [4, 11.25, 10.25],
			"faces": {
				"east": {"uv": [5.75, 4.75, 6, 5], "texture": "#gray3"},
				"south": {"uv": [3.75, 4.75, 4, 5], "texture": "#gray3"},
				"west": {"uv": [10, 4.75, 10.25, 5], "texture": "#gray3"},
				"down": {"uv": [3.75, 5.75, 4, 6], "texture": "#gray3"}
			}
		},
		{
			"from": [3.75, 11.75, 9],
			"to": [4.25, 12, 9.5],
			"faces": {
				"north": {"uv": [11.75, 4, 12.25, 4.25], "texture": "#gray3"},
				"east": {"uv": [6.5, 4, 7, 4.25], "texture": "#gray3"},
				"south": {"uv": [3.75, 4, 4.25, 4.25], "texture": "#gray3"},
				"west": {"uv": [9, 4, 9.5, 4.25], "texture": "#gray3"},
				"up": {"uv": [3.75, 9, 4.25, 9.5], "texture": "#gray3"}
			}
		},
		{
			"from": [4, 9.75, 8.25],
			"to": [4.25, 10, 8.5],
			"faces": {
				"north": {"uv": [11.75, 6, 12, 6.25], "texture": "#gray3"},
				"east": {"uv": [7.5, 6, 7.75, 6.25], "texture": "#gray3"},
				"west": {"uv": [8.25, 6, 8.5, 6.25], "texture": "#gray3"},
				"up": {"uv": [4, 8.25, 4.25, 8.5], "texture": "#gray3"}
			}
		},
		{
			"from": [4, 9.75, 10],
			"to": [4.25, 10, 10.25],
			"faces": {
				"east": {"uv": [5.75, 6, 6, 6.25], "texture": "#gray3"},
				"south": {"uv": [4, 6, 4.25, 6.25], "texture": "#gray3"},
				"west": {"uv": [10, 6, 10.25, 6.25], "texture": "#gray3"},
				"up": {"uv": [4, 10, 4.25, 10.25], "texture": "#gray3"}
			}
		},
		{
			"from": [4, 10.5, 8.25],
			"to": [4.25, 11, 8.5],
			"faces": {
				"north": {"uv": [11.75, 5, 12, 5.5], "texture": "#gray3"},
				"east": {"uv": [7.5, 5, 7.75, 5.5], "texture": "#gray3"},
				"west": {"uv": [8.25, 5, 8.5, 5.5], "texture": "#gray3"},
				"up": {"uv": [4, 8.25, 4.25, 8.5], "texture": "#gray3"},
				"down": {"uv": [4, 7.5, 4.25, 7.75], "texture": "#gray3"}
			}
		},
		{
			"from": [4, 10.5, 10],
			"to": [4.25, 11, 10.25],
			"faces": {
				"north": {"uv": [11.75, 5, 12, 5.5], "texture": "#gray3"},
				"east": {"uv": [5.75, 5, 6, 5.5], "texture": "#gray3"},
				"south": {"uv": [4, 5, 4.25, 5.5], "texture": "#gray3"},
				"west": {"uv": [10, 5, 10.25, 5.5], "texture": "#gray3"},
				"up": {"uv": [4, 10, 4.25, 10.25], "texture": "#gray3"},
				"down": {"uv": [4, 5.75, 4.25, 6], "texture": "#gray3"}
			}
		},
		{
			"from": [4.25, 10, 8.25],
			"to": [4.5, 10.5, 8.5],
			"faces": {
				"north": {"uv": [11.5, 5.5, 11.75, 6], "texture": "#gray3"},
				"east": {"uv": [7.5, 5.5, 7.75, 6], "texture": "#gray3"},
				"south": {"uv": [4.25, 5.5, 4.5, 6], "texture": "#gray3"},
				"west": {"uv": [8.25, 5.5, 8.5, 6], "texture": "#gray3"},
				"up": {"uv": [4.25, 8.25, 4.5, 8.5], "texture": "#gray3"},
				"down": {"uv": [4.25, 7.5, 4.5, 7.75], "texture": "#gray3"}
			}
		},
		{
			"from": [4.25, 10, 10],
			"to": [4.5, 10.5, 10.25],
			"faces": {
				"north": {"uv": [11.5, 5.5, 11.75, 6], "texture": "#gray3"},
				"east": {"uv": [5.75, 5.5, 6, 6], "texture": "#gray3"},
				"south": {"uv": [4.25, 5.5, 4.5, 6], "texture": "#gray3"},
				"west": {"uv": [10, 5.5, 10.25, 6], "texture": "#gray3"},
				"up": {"uv": [4.25, 10, 4.5, 10.25], "texture": "#gray3"},
				"down": {"uv": [4.25, 5.75, 4.5, 6], "texture": "#gray3"}
			}
		},
		{
			"from": [4.25, 11, 8.25],
			"to": [4.5, 11.25, 8.5],
			"faces": {
				"north": {"uv": [11.5, 4.75, 11.75, 5], "texture": "#gray3"},
				"east": {"uv": [7.5, 4.75, 7.75, 5], "texture": "#gray3"},
				"west": {"uv": [8.25, 4.75, 8.5, 5], "texture": "#gray3"},
				"down": {"uv": [4.25, 7.5, 4.5, 7.75], "texture": "#gray3"}
			}
		},
		{
			"from": [4.25, 11, 10],
			"to": [4.5, 11.25, 10.25],
			"faces": {
				"east": {"uv": [5.75, 4.75, 6, 5], "texture": "#gray3"},
				"south": {"uv": [4.25, 4.75, 4.5, 5], "texture": "#gray3"},
				"west": {"uv": [10, 4.75, 10.25, 5], "texture": "#gray3"},
				"down": {"uv": [4.25, 5.75, 4.5, 6], "texture": "#gray3"}
			}
		},
		{
			"from": [4.5, 9, 8.5],
			"to": [8.75, 9.5, 8.75],
			"faces": {
				"north": {"uv": [7.25, 6.5, 11.5, 7], "texture": "#gray3"},
				"east": {"uv": [7.25, 6.5, 7.5, 7], "texture": "#gray3"},
				"down": {"uv": [4.5, 7.25, 8.75, 7.5], "texture": "#gray3"}
			}
		},
		{
			"from": [4.5, 9, 9.75],
			"to": [8.75, 9.5, 10],
			"faces": {
				"east": {"uv": [6, 6.5, 6.25, 7], "texture": "#gray3"},
				"south": {"uv": [4.5, 6.5, 8.75, 7], "texture": "#gray3"},
				"down": {"uv": [4.5, 6, 8.75, 6.25], "texture": "#gray3"}
			}
		},
		{
			"from": [4.5, 9.75, 8.25],
			"to": [4.75, 10, 8.5],
			"faces": {
				"north": {"uv": [11.25, 6, 11.5, 6.25], "texture": "#gray3"},
				"east": {"uv": [7.5, 6, 7.75, 6.25], "texture": "#gray3"},
				"west": {"uv": [8.25, 6, 8.5, 6.25], "texture": "#gray3"},
				"up": {"uv": [4.5, 8.25, 4.75, 8.5], "texture": "#gray3"}
			}
		},
		{
			"from": [4.5, 9.75, 10],
			"to": [4.75, 10, 10.25],
			"faces": {
				"east": {"uv": [5.75, 6, 6, 6.25], "texture": "#gray3"},
				"south": {"uv": [4.5, 6, 4.75, 6.25], "texture": "#gray3"},
				"west": {"uv": [10, 6, 10.25, 6.25], "texture": "#gray3"},
				"up": {"uv": [4.5, 10, 4.75, 10.25], "texture": "#gray3"}
			}
		},
		{
			"from": [4.5, 10.5, 8.25],
			"to": [4.75, 11, 8.5],
			"faces": {
				"north": {"uv": [11.25, 5, 11.5, 5.5], "texture": "#gray3"},
				"east": {"uv": [7.5, 5, 7.75, 5.5], "texture": "#gray3"},
				"west": {"uv": [8.25, 5, 8.5, 5.5], "texture": "#gray3"},
				"up": {"uv": [4.5, 8.25, 4.75, 8.5], "texture": "#gray3"},
				"down": {"uv": [4.5, 7.5, 4.75, 7.75], "texture": "#gray3"}
			}
		},
		{
			"from": [4.5, 10.5, 10],
			"to": [4.75, 11, 10.25],
			"faces": {
				"north": {"uv": [11.25, 5, 11.5, 5.5], "texture": "#gray3"},
				"east": {"uv": [5.75, 5, 6, 5.5], "texture": "#gray3"},
				"south": {"uv": [4.5, 5, 4.75, 5.5], "texture": "#gray3"},
				"west": {"uv": [10, 5, 10.25, 5.5], "texture": "#gray3"},
				"up": {"uv": [4.5, 10, 4.75, 10.25], "texture": "#gray3"},
				"down": {"uv": [4.5, 5.75, 4.75, 6], "texture": "#gray3"}
			}
		},
		{
			"from": [4.75, 10, 8.25],
			"to": [5, 10.5, 8.5],
			"faces": {
				"north": {"uv": [11, 5.5, 11.25, 6], "texture": "#gray3"},
				"east": {"uv": [7.5, 5.5, 7.75, 6], "texture": "#gray3"},
				"south": {"uv": [4.75, 5.5, 5, 6], "texture": "#gray3"},
				"west": {"uv": [8.25, 5.5, 8.5, 6], "texture": "#gray3"},
				"up": {"uv": [4.75, 8.25, 5, 8.5], "texture": "#gray3"},
				"down": {"uv": [4.75, 7.5, 5, 7.75], "texture": "#gray3"}
			}
		},
		{
			"from": [4.75, 10, 10],
			"to": [5, 10.5, 10.25],
			"faces": {
				"north": {"uv": [11, 5.5, 11.25, 6], "texture": "#gray3"},
				"east": {"uv": [5.75, 5.5, 6, 6], "texture": "#gray3"},
				"south": {"uv": [4.75, 5.5, 5, 6], "texture": "#gray3"},
				"west": {"uv": [10, 5.5, 10.25, 6], "texture": "#gray3"},
				"up": {"uv": [4.75, 10, 5, 10.25], "texture": "#gray3"},
				"down": {"uv": [4.75, 5.75, 5, 6], "texture": "#gray3"}
			}
		},
		{
			"from": [4.75, 11, 8.25],
			"to": [5, 11.25, 8.5],
			"faces": {
				"north": {"uv": [11, 4.75, 11.25, 5], "texture": "#gray3"},
				"east": {"uv": [7.5, 4.75, 7.75, 5], "texture": "#gray3"},
				"west": {"uv": [8.25, 4.75, 8.5, 5], "texture": "#gray3"},
				"down": {"uv": [4.75, 7.5, 5, 7.75], "texture": "#gray3"}
			}
		},
		{
			"from": [4.75, 11, 10],
			"to": [5, 11.25, 10.25],
			"faces": {
				"east": {"uv": [5.75, 4.75, 6, 5], "texture": "#gray3"},
				"south": {"uv": [4.75, 4.75, 5, 5], "texture": "#gray3"},
				"west": {"uv": [10, 4.75, 10.25, 5], "texture": "#gray3"},
				"down": {"uv": [4.75, 5.75, 5, 6], "texture": "#gray3"}
			}
		},
		{
			"from": [4.75, 11.5, 8.5],
			"to": [7, 11.75, 10],
			"faces": {
				"north": {"uv": [9, 4.25, 11.25, 4.5], "texture": "#gray3"},
				"east": {"uv": [6, 4.25, 7.5, 4.5], "texture": "#gray3"},
				"south": {"uv": [4.75, 4.25, 7, 4.5], "texture": "#gray3"},
				"west": {"uv": [8.5, 4.25, 10, 4.5], "texture": "#gray3"},
				"up": {"uv": [4.75, 8.5, 7, 10], "texture": "#gray3"}
			}
		},
		{
			"from": [5, 4.75, 8.5],
			"to": [5.5, 5.75, 8.75],
			"faces": {
				"north": {"uv": [10.5, 10.25, 11, 11.25], "texture": "#gray3"},
				"east": {"uv": [7.25, 10.25, 7.5, 11.25], "texture": "#gray3"},
				"south": {"uv": [5, 10.25, 5.5, 11.25], "texture": "#gray3"},
				"up": {"uv": [5, 8.5, 5.5, 8.75], "texture": "#gray3"}
			}
		},
		{
			"from": [5, 4.75, 9.75],
			"to": [5.5, 5.75, 10],
			"faces": {
				"north": {"uv": [10.5, 10.25, 11, 11.25], "texture": "#gray3"},
				"east": {"uv": [6, 10.25, 6.25, 11.25], "texture": "#gray3"},
				"south": {"uv": [5, 10.25, 5.5, 11.25], "texture": "#gray3"},
				"up": {"uv": [5, 9.75, 5.5, 10], "texture": "#gray3"}
			}
		},
		{
			"from": [5, 5, 8.75],
			"to": [5.75, 5.75, 9.75],
			"faces": {
				"north": {"uv": [10.25, 10.25, 11, 11], "texture": "#gray3"},
				"east": {"uv": [6.25, 10.25, 7.25, 11], "texture": "#gray3"},
				"south": {"uv": [5, 10.25, 5.75, 11], "texture": "#gray3"},
				"up": {"uv": [5, 8.75, 5.75, 9.75], "texture": "#gray3"}
			}
		},
		{
			"from": [5, 5.75, 8.5],
			"to": [5.25, 6, 10],
			"faces": {
				"north": {"uv": [10.75, 10, 11, 10.25], "texture": "#gray1"},
				"east": {"uv": [6, 10, 7.5, 10.25], "texture": "#gray1"},
				"south": {"uv": [5, 10, 5.25, 10.25], "texture": "#gray1"},
				"west": {"uv": [8.5, 10, 10, 10.25], "texture": "#gray1"},
				"up": {"uv": [5, 8.5, 5.25, 10], "texture": "#gray1"},
				"down": {"uv": [5, 6, 5.25, 7.5], "texture": "#gray1"}
			}
		},
		{
			"from": [5, 6, 8.75],
			"to": [5.75, 6.25, 9.75],
			"faces": {
				"north": {"uv": [10.25, 9.75, 11, 10], "texture": "#gray1"},
				"south": {"uv": [5, 9.75, 5.75, 10], "texture": "#gray1"},
				"up": {"uv": [5, 8.75, 5.75, 9.75], "texture": "#gray1"},
				"down": {"uv": [5, 6.25, 5.75, 7.25], "texture": "#gray1"}
			}
		},
		{
			"from": [5, 9.75, 8.25],
			"to": [5.25, 10, 8.5],
			"faces": {
				"north": {"uv": [10.75, 6, 11, 6.25], "texture": "#gray3"},
				"east": {"uv": [7.5, 6, 7.75, 6.25], "texture": "#gray3"},
				"west": {"uv": [8.25, 6, 8.5, 6.25], "texture": "#gray3"},
				"up": {"uv": [5, 8.25, 5.25, 8.5], "texture": "#gray3"}
			}
		},
		{
			"from": [5, 9.75, 10],
			"to": [5.25, 10, 10.25],
			"faces": {
				"east": {"uv": [5.75, 6, 6, 6.25], "texture": "#gray3"},
				"south": {"uv": [5, 6, 5.25, 6.25], "texture": "#gray3"},
				"west": {"uv": [10, 6, 10.25, 6.25], "texture": "#gray3"},
				"up": {"uv": [5, 10, 5.25, 10.25], "texture": "#gray3"}
			}
		},
		{
			"from": [5, 10.5, 8.25],
			"to": [14.75, 11, 8.5],
			"faces": {
				"north": {"uv": [1.25, 5, 11, 5.5], "texture": "#gray3"},
				"east": {"uv": [7.5, 5, 7.75, 5.5], "texture": "#gray3"},
				"west": {"uv": [8.25, 5, 8.5, 5.5], "texture": "#gray3"},
				"up": {"uv": [5, 8.25, 14.75, 8.5], "texture": "#gray3"},
				"down": {"uv": [5, 7.5, 14.75, 7.75], "texture": "#gray3"}
			}
		},
		{
			"from": [5, 10.5, 10],
			"to": [14.75, 11, 10.25],
			"faces": {
				"north": {"uv": [1.25, 5, 11, 5.5], "texture": "#gray3"},
				"east": {"uv": [5.75, 5, 6, 5.5], "texture": "#gray3"},
				"south": {"uv": [5, 5, 14.75, 5.5], "texture": "#gray3"},
				"west": {"uv": [10, 5, 10.25, 5.5], "texture": "#gray3"},
				"up": {"uv": [5, 10, 14.75, 10.25], "texture": "#gray3"},
				"down": {"uv": [5, 5.75, 14.75, 6], "texture": "#gray3"}
			}
		},
		{
			"from": [5.25, 5.75, 8.5],
			"to": [5.5, 7.75, 8.75],
			"faces": {
				"north": {"uv": [10.5, 8.25, 10.75, 10.25], "texture": "#gray3"},
				"east": {"uv": [7.25, 8.25, 7.5, 10.25], "texture": "#gray3"},
				"south": {"uv": [5.25, 8.25, 5.5, 10.25], "texture": "#gray3"},
				"west": {"uv": [8.5, 8.25, 8.75, 10.25], "texture": "#gray3"}
			}
		},
		{
			"from": [5.25, 5.75, 8.75],
			"to": [5.75, 6, 9.75],
			"faces": {
				"north": {"uv": [10.25, 10, 10.75, 10.25], "texture": "#gray3"},
				"east": {"uv": [6.25, 10, 7.25, 10.25], "texture": "#gray3"},
				"south": {"uv": [5.25, 10, 5.75, 10.25], "texture": "#gray3"}
			}
		},
		{
			"from": [5.25, 5.75, 9.75],
			"to": [5.5, 7.75, 10],
			"faces": {
				"north": {"uv": [10.5, 8.25, 10.75, 10.25], "texture": "#gray3"},
				"east": {"uv": [6, 8.25, 6.25, 10.25], "texture": "#gray3"},
				"south": {"uv": [5.25, 8.25, 5.5, 10.25], "texture": "#gray3"},
				"west": {"uv": [9.75, 8.25, 10, 10.25], "texture": "#gray3"}
			}
		},
		{
			"from": [5.25, 6.25, 8.75],
			"to": [6, 6.5, 9.75],
			"faces": {
				"north": {"uv": [10, 9.5, 10.75, 9.75], "texture": "#gray3"},
				"east": {"uv": [6.25, 9.5, 7.25, 9.75], "texture": "#gray3"},
				"south": {"uv": [5.25, 9.5, 6, 9.75], "texture": "#gray3"},
				"up": {"uv": [5.25, 8.75, 6, 9.75], "texture": "#gray3"},
				"down": {"uv": [5.25, 6.25, 6, 7.25], "texture": "#gray3"}
			}
		},
		{
			"from": [5.25, 7.25, 8.75],
			"to": [6, 7.75, 9.75],
			"faces": {
				"north": {"uv": [10, 8.25, 10.75, 8.75], "texture": "#gray3"},
				"east": {"uv": [6.25, 8.25, 7.25, 8.75], "texture": "#gray3"},
				"south": {"uv": [5.25, 8.25, 6, 8.75], "texture": "#gray3"},
				"down": {"uv": [5.25, 6.25, 6, 7.25], "texture": "#gray3"}
			}
		},
		{
			"from": [5.25, 10, 8.25],
			"to": [5.5, 10.5, 8.5],
			"faces": {
				"north": {"uv": [10.5, 5.5, 10.75, 6], "texture": "#gray3"},
				"east": {"uv": [7.5, 5.5, 7.75, 6], "texture": "#gray3"},
				"south": {"uv": [5.25, 5.5, 5.5, 6], "texture": "#gray3"},
				"west": {"uv": [8.25, 5.5, 8.5, 6], "texture": "#gray3"},
				"down": {"uv": [5.25, 7.5, 5.5, 7.75], "texture": "#gray3"}
			}
		},
		{
			"from": [5.25, 10, 10],
			"to": [5.5, 10.5, 10.25],
			"faces": {
				"north": {"uv": [10.5, 5.5, 10.75, 6], "texture": "#gray3"},
				"east": {"uv": [5.75, 5.5, 6, 6], "texture": "#gray3"},
				"south": {"uv": [5.25, 5.5, 5.5, 6], "texture": "#gray3"},
				"west": {"uv": [10, 5.5, 10.25, 6], "texture": "#gray3"},
				"down": {"uv": [5.25, 5.75, 5.5, 6], "texture": "#gray3"}
			}
		},
		{
			"from": [5.25, 11, 8.25],
			"to": [7, 11.25, 8.5],
			"faces": {
				"north": {"uv": [9, 4.75, 10.75, 5], "texture": "#gray3"},
				"east": {"uv": [7.5, 4.75, 7.75, 5], "texture": "#gray3"},
				"west": {"uv": [8.25, 4.75, 8.5, 5], "texture": "#gray3"}
			}
		},
		{
			"from": [5.25, 11, 10],
			"to": [7, 11.25, 10.25],
			"faces": {
				"east": {"uv": [5.75, 4.75, 6, 5], "texture": "#gray3"},
				"south": {"uv": [5.25, 4.75, 7, 5], "texture": "#gray3"},
				"west": {"uv": [10, 4.75, 10.25, 5], "texture": "#gray3"}
			}
		},
		{
			"from": [5.5, 4.5, 8.5],
			"to": [5.75, 4.75, 8.75],
			"faces": {
				"north": {"uv": [10.25, 11.25, 10.5, 11.5], "texture": "#gray3"},
				"east": {"uv": [7.25, 11.25, 7.5, 11.5], "texture": "#gray3"},
				"up": {"uv": [5.5, 8.5, 5.75, 8.75], "texture": "#gray3"},
				"down": {"uv": [5.5, 7.25, 5.75, 7.5], "texture": "#gray3"}
			}
		},
		{
			"from": [5.5, 4.5, 9.75],
			"to": [5.75, 4.75, 10],
			"faces": {
				"east": {"uv": [6, 11.25, 6.25, 11.5], "texture": "#gray3"},
				"south": {"uv": [5.5, 11.25, 5.75, 11.5], "texture": "#gray3"},
				"up": {"uv": [5.5, 9.75, 5.75, 10], "texture": "#gray3"},
				"down": {"uv": [5.5, 6, 5.75, 6.25], "texture": "#gray3"}
			}
		},
		{
			"from": [5.5, 6, 8.5],
			"to": [5.75, 9, 8.75],
			"faces": {
				"north": {"uv": [10.25, 7, 10.5, 10], "texture": "#gray3"},
				"east": {"uv": [7.25, 7, 7.5, 10], "texture": "#gray3"},
				"south": {"uv": [5.5, 7, 5.75, 10], "texture": "#gray3"},
				"west": {"uv": [8.5, 7, 8.75, 10], "texture": "#gray3"},
				"down": {"uv": [5.5, 7.25, 5.75, 7.5], "texture": "#gray3"}
			}
		},
		{
			"from": [5.5, 6, 9.75],
			"to": [5.75, 9, 10],
			"faces": {
				"north": {"uv": [10.25, 7, 10.5, 10], "texture": "#gray3"},
				"east": {"uv": [6, 7, 6.25, 10], "texture": "#gray3"},
				"south": {"uv": [5.5, 7, 5.75, 10], "texture": "#gray3"},
				"west": {"uv": [9.75, 7, 10, 10], "texture": "#gray3"},
				"down": {"uv": [5.5, 6, 5.75, 6.25], "texture": "#gray3"}
			}
		},
		{
			"from": [5.5, 8, 8.75],
			"to": [6.25, 8.5, 9.75],
			"faces": {
				"north": {"uv": [9.75, 7.5, 10.5, 8], "texture": "#gray3"},
				"east": {"uv": [6.25, 7.5, 7.25, 8], "texture": "#gray3"},
				"south": {"uv": [5.5, 7.5, 6.25, 8], "texture": "#gray3"},
				"up": {"uv": [5.5, 8.75, 6.25, 9.75], "texture": "#gray3"}
			}
		},
		{
			"from": [5.5, 8.75, 8.75],
			"to": [6.25, 9, 9.75],
			"faces": {
				"north": {"uv": [9.75, 7, 10.5, 7.25], "texture": "#gray3"},
				"east": {"uv": [6.25, 7, 7.25, 7.25], "texture": "#gray3"},
				"south": {"uv": [5.5, 7, 6.25, 7.25], "texture": "#gray3"},
				"down": {"uv": [5.5, 6.25, 6.25, 7.25], "texture": "#gray3"}
			}
		},
		{
			"from": [5.5, 9.75, 8.25],
			"to": [5.75, 10, 8.5],
			"faces": {
				"north": {"uv": [10.25, 6, 10.5, 6.25], "texture": "#gray3"},
				"east": {"uv": [7.5, 6, 7.75, 6.25], "texture": "#gray3"},
				"west": {"uv": [8.25, 6, 8.5, 6.25], "texture": "#gray3"},
				"up": {"uv": [5.5, 8.25, 5.75, 8.5], "texture": "#gray3"}
			}
		},
		{
			"from": [5.5, 9.75, 10],
			"to": [5.75, 10, 10.25],
			"faces": {
				"east": {"uv": [5.75, 6, 6, 6.25], "texture": "#gray3"},
				"south": {"uv": [5.5, 6, 5.75, 6.25], "texture": "#gray3"},
				"west": {"uv": [10, 6, 10.25, 6.25], "texture": "#gray3"},
				"up": {"uv": [5.5, 10, 5.75, 10.25], "texture": "#gray3"}
			}
		},
		{
			"from": [5.75, 4.5, 8.75],
			"to": [6, 4.75, 9.75],
			"faces": {
				"north": {"uv": [10, 11.25, 10.25, 11.5], "texture": "#gray3"},
				"east": {"uv": [6.25, 11.25, 7.25, 11.5], "texture": "#gray3"},
				"south": {"uv": [5.75, 11.25, 6, 11.5], "texture": "#gray3"},
				"up": {"uv": [5.75, 8.75, 6, 9.75], "texture": "#gray3"},
				"down": {"uv": [5.75, 6.25, 6, 7.25], "texture": "#gray3"}
			}
		},
		{
			"from": [5.75, 6, 8.75],
			"to": [6, 6.25, 9.75],
			"faces": {
				"north": {"uv": [10, 9.75, 10.25, 10], "texture": "#gray3"},
				"east": {"uv": [6.25, 9.75, 7.25, 10], "texture": "#gray3"},
				"south": {"uv": [5.75, 9.75, 6, 10], "texture": "#gray3"},
				"down": {"uv": [5.75, 6.25, 6, 7.25], "texture": "#gray3"}
			}
		},
		{
			"from": [5.75, 6.5, 8.75],
			"to": [6, 7.25, 9.75],
			"faces": {
				"north": {"uv": [10, 8.75, 10.25, 9.5], "texture": "#gray3"},
				"east": {"uv": [6.25, 8.75, 7.25, 9.5], "texture": "#gray3"},
				"south": {"uv": [5.75, 8.75, 6, 9.5], "texture": "#gray3"}
			}
		},
		{
			"from": [5.75, 7.75, 8.5],
			"to": [6.5, 8, 8.75],
			"faces": {
				"north": {"uv": [9.5, 8, 10.25, 8.25], "texture": "#gray3"},
				"east": {"uv": [7.25, 8, 7.5, 8.25], "texture": "#gray3"},
				"south": {"uv": [5.75, 8, 6.5, 8.25], "texture": "#gray3"},
				"up": {"uv": [5.75, 8.5, 6.5, 8.75], "texture": "#gray3"},
				"down": {"uv": [5.75, 7.25, 6.5, 7.5], "texture": "#gray3"}
			}
		},
		{
			"from": [5.75, 7.75, 9.75],
			"to": [6.5, 8, 10],
			"faces": {
				"north": {"uv": [9.5, 8, 10.25, 8.25], "texture": "#gray3"},
				"east": {"uv": [6, 8, 6.25, 8.25], "texture": "#gray3"},
				"south": {"uv": [5.75, 8, 6.5, 8.25], "texture": "#gray3"},
				"up": {"uv": [5.75, 9.75, 6.5, 10], "texture": "#gray3"},
				"down": {"uv": [5.75, 6, 6.5, 6.25], "texture": "#gray3"}
			}
		},
		{
			"from": [5.75, 8, 8.5],
			"to": [6.25, 8.5, 8.75],
			"faces": {
				"north": {"uv": [9.75, 7.5, 10.25, 8], "texture": "#gray3"},
				"east": {"uv": [7.25, 7.5, 7.5, 8], "texture": "#gray3"},
				"up": {"uv": [5.75, 8.5, 6.25, 8.75], "texture": "#gray3"}
			}
		},
		{
			"from": [5.75, 8, 9.75],
			"to": [6.25, 8.5, 10],
			"faces": {
				"east": {"uv": [6, 7.5, 6.25, 8], "texture": "#gray3"},
				"south": {"uv": [5.75, 7.5, 6.25, 8], "texture": "#gray3"},
				"up": {"uv": [5.75, 9.75, 6.25, 10], "texture": "#gray3"}
			}
		},
		{
			"from": [5.75, 8.5, 8.5],
			"to": [6, 9, 8.75],
			"faces": {
				"north": {"uv": [10, 7, 10.25, 7.5], "texture": "#gray3"},
				"east": {"uv": [7.25, 7, 7.5, 7.5], "texture": "#gray3"},
				"south": {"uv": [5.75, 7, 6, 7.5], "texture": "#gray3"}
			}
		},
		{
			"from": [5.75, 8.5, 8.75],
			"to": [6, 8.75, 10],
			"faces": {
				"east": {"uv": [6, 7.25, 7.25, 7.5], "texture": "#gray3"},
				"south": {"uv": [5.75, 7.25, 6, 7.5], "texture": "#gray3"},
				"west": {"uv": [8.75, 7.25, 10, 7.5], "texture": "#gray3"},
				"up": {"uv": [5.75, 8.75, 6, 10], "texture": "#gray3"},
				"down": {"uv": [5.75, 6, 6, 7.25], "texture": "#gray3"}
			}
		},
		{
			"from": [5.75, 8.75, 9.75],
			"to": [6.25, 9, 10],
			"faces": {
				"east": {"uv": [6, 7, 6.25, 7.25], "texture": "#gray3"},
				"south": {"uv": [5.75, 7, 6.25, 7.25], "texture": "#gray3"},
				"down": {"uv": [5.75, 6, 6.25, 6.25], "texture": "#gray3"}
			}
		},
		{
			"from": [5.75, 10, 8.25],
			"to": [6, 10.5, 8.5],
			"faces": {
				"north": {"uv": [10, 5.5, 10.25, 6], "texture": "#gray3"},
				"east": {"uv": [7.5, 5.5, 7.75, 6], "texture": "#gray3"},
				"south": {"uv": [5.75, 5.5, 6, 6], "texture": "#gray3"},
				"west": {"uv": [8.25, 5.5, 8.5, 6], "texture": "#gray3"},
				"down": {"uv": [5.75, 7.5, 6, 7.75], "texture": "#gray3"}
			}
		},
		{
			"from": [5.75, 10, 10],
			"to": [6, 10.5, 10.25],
			"faces": {
				"north": {"uv": [10, 5.5, 10.25, 6], "texture": "#gray3"},
				"east": {"uv": [5.75, 5.5, 6, 6], "texture": "#gray3"},
				"south": {"uv": [5.75, 5.5, 6, 6], "texture": "#gray3"},
				"west": {"uv": [10, 5.5, 10.25, 6], "texture": "#gray3"},
				"down": {"uv": [5.75, 5.75, 6, 6], "texture": "#gray3"}
			}
		},
		{
			"from": [6, 7.5, 8.75],
			"to": [8.25, 7.75, 9.75],
			"faces": {
				"north": {"uv": [7.75, 8.25, 10, 8.5], "texture": "#gray3"},
				"east": {"uv": [6.25, 8.25, 7.25, 8.5], "texture": "#gray3"},
				"south": {"uv": [6, 8.25, 8.25, 8.5], "texture": "#gray3"},
				"up": {"uv": [6, 8.75, 8.25, 9.75], "texture": "#gray3"},
				"down": {"uv": [6, 6.25, 8.25, 7.25], "texture": "#gray3"}
			}
		},
		{
			"from": [6, 8.5, 9],
			"to": [6.75, 8.75, 9.5],
			"faces": {
				"north": {"uv": [9.25, 7.25, 10, 7.5], "texture": "#gray3"},
				"east": {"uv": [6.5, 7.25, 7, 7.5], "texture": "#gray3"},
				"south": {"uv": [6, 7.25, 6.75, 7.5], "texture": "#gray3"},
				"up": {"uv": [6, 9, 6.75, 9.5], "texture": "#gray3"},
				"down": {"uv": [6, 6.5, 6.75, 7], "texture": "#gray3"}
			}
		},
		{
			"from": [6, 8.75, 8.5],
			"to": [6.25, 9, 8.75],
			"faces": {
				"north": {"uv": [9.75, 7, 10, 7.25], "texture": "#gray3"},
				"east": {"uv": [7.25, 7, 7.5, 7.25], "texture": "#gray3"},
				"down": {"uv": [6, 7.25, 6.25, 7.5], "texture": "#gray3"}
			}
		},
		{
			"from": [6, 9.75, 8.25],
			"to": [6.25, 10, 8.5],
			"faces": {
				"north": {"uv": [9.75, 6, 10, 6.25], "texture": "#gray3"},
				"east": {"uv": [7.5, 6, 7.75, 6.25], "texture": "#gray3"},
				"west": {"uv": [8.25, 6, 8.5, 6.25], "texture": "#gray3"},
				"up": {"uv": [6, 8.25, 6.25, 8.5], "texture": "#gray3"}
			}
		},
		{
			"from": [6, 9.75, 10],
			"to": [6.25, 10, 10.25],
			"faces": {
				"east": {"uv": [5.75, 6, 6, 6.25], "texture": "#gray3"},
				"south": {"uv": [6, 6, 6.25, 6.25], "texture": "#gray3"},
				"west": {"uv": [10, 6, 10.25, 6.25], "texture": "#gray3"},
				"up": {"uv": [6, 10, 6.25, 10.25], "texture": "#gray3"}
			}
		},
		{
			"from": [6.25, 7.75, 8.75],
			"to": [6.5, 8, 9.75],
			"faces": {
				"east": {"uv": [6.25, 8, 7.25, 8.25], "texture": "#gray3"},
				"up": {"uv": [6.25, 8.75, 6.5, 9.75], "texture": "#gray3"}
			}
		},
		{
			"from": [6.25, 8, 9],
			"to": [6.75, 8.5, 9.5],
			"faces": {
				"north": {"uv": [9.25, 7.5, 9.75, 8], "texture": "#gray3"},
				"east": {"uv": [6.5, 7.5, 7, 8], "texture": "#gray3"},
				"south": {"uv": [6.25, 7.5, 6.75, 8], "texture": "#gray3"},
				"down": {"uv": [6.25, 6.5, 6.75, 7], "texture": "#gray3"}
			}
		},
		{
			"from": [6.25, 8.75, 9],
			"to": [6.75, 9, 9.5],
			"faces": {
				"north": {"uv": [9.25, 7, 9.75, 7.25], "texture": "#gray3"},
				"east": {"uv": [6.5, 7, 7, 7.25], "texture": "#gray3"},
				"south": {"uv": [6.25, 7, 6.75, 7.25], "texture": "#gray3"}
			}
		},
		{
			"from": [6.25, 10, 8.25],
			"to": [6.5, 10.5, 8.5],
			"faces": {
				"north": {"uv": [9.5, 5.5, 9.75, 6], "texture": "#gray3"},
				"east": {"uv": [7.5, 5.5, 7.75, 6], "texture": "#gray3"},
				"south": {"uv": [6.25, 5.5, 6.5, 6], "texture": "#gray3"},
				"west": {"uv": [8.25, 5.5, 8.5, 6], "texture": "#gray3"},
				"down": {"uv": [6.25, 7.5, 6.5, 7.75], "texture": "#gray3"}
			}
		},
		{
			"from": [6.25, 10, 10],
			"to": [6.5, 10.5, 10.25],
			"faces": {
				"north": {"uv": [9.5, 5.5, 9.75, 6], "texture": "#gray3"},
				"east": {"uv": [5.75, 5.5, 6, 6], "texture": "#gray3"},
				"south": {"uv": [6.25, 5.5, 6.5, 6], "texture": "#gray3"},
				"west": {"uv": [10, 5.5, 10.25, 6], "texture": "#gray3"},
				"down": {"uv": [6.25, 5.75, 6.5, 6], "texture": "#gray3"}
			}
		},
		{
			"from": [6.5, 7.75, 9],
			"to": [7, 8, 9.5],
			"faces": {
				"north": {"uv": [9, 8, 9.5, 8.25], "texture": "#gray3"},
				"east": {"uv": [6.5, 8, 7, 8.25], "texture": "#gray3"},
				"south": {"uv": [6.5, 8, 7, 8.25], "texture": "#gray3"},
				"up": {"uv": [6.5, 9, 7, 9.5], "texture": "#gray3"}
			}
		},
		{
			"from": [6.5, 9.75, 8.25],
			"to": [7, 10, 8.5],
			"faces": {
				"north": {"uv": [9, 6, 9.5, 6.25], "texture": "#gray3"},
				"east": {"uv": [7.5, 6, 7.75, 6.25], "texture": "#gray3"},
				"west": {"uv": [8.25, 6, 8.5, 6.25], "texture": "#gray3"},
				"up": {"uv": [6.5, 8.25, 7, 8.5], "texture": "#gray3"}
			}
		},
		{
			"from": [6.5, 9.75, 10],
			"to": [7, 10, 10.25],
			"faces": {
				"east": {"uv": [5.75, 6, 6, 6.25], "texture": "#gray3"},
				"south": {"uv": [6.5, 6, 7, 6.25], "texture": "#gray3"},
				"west": {"uv": [10, 6, 10.25, 6.25], "texture": "#gray3"},
				"up": {"uv": [6.5, 10, 7, 10.25], "texture": "#gray3"}
			}
		},
		{
			"from": [6.75, 10, 8.25],
			"to": [14.75, 10.5, 8.5],
			"faces": {
				"north": {"uv": [1.25, 5.5, 9.25, 6], "texture": "#gray3"},
				"east": {"uv": [7.5, 5.5, 7.75, 6], "texture": "#gray3"},
				"south": {"uv": [6.75, 5.5, 14.75, 6], "texture": "#gray3"},
				"west": {"uv": [8.25, 5.5, 8.5, 6], "texture": "#gray3"},
				"down": {"uv": [6.75, 7.5, 14.75, 7.75], "texture": "#gray3"}
			}
		},
		{
			"from": [6.75, 10, 10],
			"to": [14.75, 10.5, 10.25],
			"faces": {
				"north": {"uv": [1.25, 5.5, 9.25, 6], "texture": "#gray3"},
				"east": {"uv": [5.75, 5.5, 6, 6], "texture": "#gray3"},
				"south": {"uv": [6.75, 5.5, 14.75, 6], "texture": "#gray3"},
				"west": {"uv": [10, 5.5, 10.25, 6], "texture": "#gray3"},
				"down": {"uv": [6.75, 5.75, 14.75, 6], "texture": "#gray3"}
			}
		},
		{
			"from": [7, 11.25, 8.75],
			"to": [14.75, 11.5, 9.75],
			"faces": {
				"north": {"uv": [1.25, 4.5, 9, 4.75], "texture": "#gray3"},
				"east": {"uv": [6.25, 4.5, 7.25, 4.75], "texture": "#gray3"},
				"south": {"uv": [7, 4.5, 14.75, 4.75], "texture": "#gray3"},
				"up": {"uv": [7, 8.75, 14.75, 9.75], "texture": "#gray3"},
				"down": {"uv": [7, 6.25, 14.75, 7.25], "texture": "#gray3"}
			}
		},
		{
			"from": [7.75, 8.75, 8.75],
			"to": [8.5, 9, 9.75],
			"faces": {
				"north": {"uv": [7.5, 7, 8.25, 7.25], "texture": "#gray3"},
				"east": {"uv": [6.25, 7, 7.25, 7.25], "texture": "#gray3"},
				"south": {"uv": [7.75, 7, 8.5, 7.25], "texture": "#gray3"},
				"west": {"uv": [8.75, 7, 9.75, 7.25], "texture": "#gray3"},
				"down": {"uv": [7.75, 6.25, 8.5, 7.25], "texture": "#gray3"}
			}
		},
		{
			"from": [8, 7.75, 8.75],
			"to": [8.25, 8.75, 9.75],
			"faces": {
				"north": {"uv": [7.75, 7.25, 8, 8.25], "texture": "#gray3"},
				"east": {"uv": [6.25, 7.25, 7.25, 8.25], "texture": "#gray3"},
				"south": {"uv": [8, 7.25, 8.25, 8.25], "texture": "#gray3"},
				"west": {"uv": [8.75, 7.25, 9.75, 8.25], "texture": "#gray3"}
			}
		},
		{
			"from": [8.75, 9.25, 8.5],
			"to": [14.25, 9.5, 10],
			"faces": {
				"north": {"uv": [1.75, 6.5, 7.25, 6.75], "texture": "#gray3"},
				"east": {"uv": [6, 6.5, 7.5, 6.75], "texture": "#gray3"},
				"south": {"uv": [8.75, 6.5, 14.25, 6.75], "texture": "#gray3"},
				"west": {"uv": [8.5, 6.5, 10, 6.75], "texture": "#gray3"},
				"up": {"uv": [8.75, 8.5, 14.25, 10], "texture": "#gray3"},
				"down": {"uv": [8.75, 6, 14.25, 7.5], "texture": "#gray3"}
			}
		},
		{
			"from": [14, 10.25, 8.75],
			"to": [14.25, 11, 9.75],
			"faces": {
				"east": {"uv": [6.25, 5, 7.25, 5.75], "texture": "#black"},
				"south": {"uv": [14, 5, 14.25, 5.75], "texture": "#black"},
				"west": {"uv": [8.75, 5, 9.75, 5.75], "texture": "#black"}
			}
		},
		{
			"from": [14, 10.25, 9.75],
			"to": [15, 10.5, 10],
			"faces": {
				"north": {"uv": [1, 5.5, 2, 5.75], "texture": "#gray3"},
				"east": {"uv": [6, 5.5, 6.25, 5.75], "texture": "#gray3"},
				"south": {"uv": [14, 5.5, 15, 5.75], "texture": "#gray3"},
				"down": {"uv": [14, 6, 15, 6.25], "texture": "#gray3"}
			}
		},
		{
			"from": [14, 11, 8.75],
			"to": [15, 11.25, 9.75],
			"faces": {
				"east": {"uv": [6.25, 4.75, 7.25, 5], "texture": "#gray3"},
				"up": {"uv": [14, 8.75, 15, 9.75], "texture": "#gray3"},
				"down": {"uv": [14, 6.25, 15, 7.25], "texture": "#gray3"}
			}
		},
		{
			"from": [14, 11.5, 9],
			"to": [14.5, 11.75, 9.5],
			"faces": {
				"north": {"uv": [1.5, 4.25, 2, 4.5], "texture": "#gray3"},
				"east": {"uv": [6.5, 4.25, 7, 4.5], "texture": "#gray3"},
				"south": {"uv": [14, 4.25, 14.5, 4.5], "texture": "#gray3"},
				"west": {"uv": [9, 4.25, 9.5, 4.5], "texture": "#gray3"},
				"up": {"uv": [14, 9, 14.5, 9.5], "texture": "#gray3"}
			}
		},
		{
			"from": [14.5, 9.75, 8.5],
			"to": [14.75, 10.25, 8.75],
			"faces": {
				"north": {"uv": [1.25, 5.75, 1.5, 6.25], "texture": "#gray3"},
				"east": {"uv": [7.25, 5.75, 7.5, 6.25], "texture": "#gray3"},
				"down": {"uv": [14.5, 7.25, 14.75, 7.5], "texture": "#gray3"}
			}
		},
		{
			"from": [14.5, 9.75, 9.75],
			"to": [14.75, 10.25, 10],
			"faces": {
				"east": {"uv": [6, 5.75, 6.25, 6.25], "texture": "#gray3"},
				"south": {"uv": [14.5, 5.75, 14.75, 6.25], "texture": "#gray3"},
				"down": {"uv": [14.5, 6, 14.75, 6.25], "texture": "#gray3"}
			}
		},
		{
			"from": [14.75, 10, 8.5],
			"to": [15, 10.25, 10],
			"faces": {
				"north": {"uv": [1, 5.75, 1.25, 6], "texture": "#gray3"},
				"east": {"uv": [6, 5.75, 7.5, 6], "texture": "#gray3"},
				"south": {"uv": [14.75, 5.75, 15, 6], "texture": "#gray3"},
				"west": {"uv": [8.5, 5.75, 10, 6], "texture": "#gray3"},
				"up": {"uv": [14.75, 8.5, 15, 10], "texture": "#gray3"},
				"down": {"uv": [14.75, 6, 15, 7.5], "texture": "#gray3"}
			}
		}
	],
	"display": {
		"thirdperson_righthand": {
			"rotation": [0, 90, 0],
			"translation": [-0.76, -0.38, 0],
			"scale": [0.5, 0.5, 0.5]
		},
		"thirdperson_lefthand": {
			"rotation": [0, -90, 0],
			"translation": [0.19, -0.38, 0],
			"scale": [0.5, 0.5, 0.5]
		},
		"firstperson_righthand": {
			"rotation": [0, 79, 0],
			"translation": [0.38, 1.32, -0.38],
			"scale": [0.7, 0.7, 0.7]
		},
		"firstperson_lefthand": {
			"rotation": [0, -98, 0],
			"translation": [0.38, 1.32, -0.38],
			"scale": [0.7, 0.7, 0.7]
		},
		"ground": {
			"rotation": [90, 0, 0],
			"translation": [-2.08, 0, 0],
			"scale": [0.5, 0.5, 0.5]
		},
		"gui": {
			"rotation": [0, 180, 45],
			"translation": [-0.57, 0, 0]
		},
		"fixed": {
			"translation": [-0.76, 0, -1.7]
		}
	}
}