{
	"credit": "Made with Blockbench",
	"textures": {
		"2": "guns/white",
		"particle": "guns/white",
		"brown1": "guns/brown1",
		"white": "guns/gray2"
	},
	"elements": [
		{
			"from": [-4, 8.25, 7.25],
			"to": [1.75, 9, 8.25],
			"faces": {
				"north": {"uv": [14.25, 7, 16, 7.75], "texture": "#brown1"},
				"east": {"uv": [7.75, 7, 8.75, 7.75], "texture": "#brown1"},
				"south": {"uv": [0, 7, 1.75, 7.75], "texture": "#brown1"},
				"west": {"uv": [7.25, 7, 8.25, 7.75], "texture": "#brown1"},
				"up": {"uv": [0, 7.25, 1.75, 8.25], "texture": "#brown1"},
				"down": {"uv": [0, 7.75, 1.75, 8.75], "texture": "#brown1"}
			}
		},
		{
			"from": [-3.75, 7.25, 7.25],
			"to": [-0.75, 8.25, 8.25],
			"faces": {
				"north": {"uv": [0.75, 7.75, 3.75, 8.75], "texture": "#brown1"},
				"east": {"uv": [7.75, 7.75, 8.75, 8.75], "texture": "#brown1"},
				"south": {"uv": [12.25, 7.75, 15.25, 8.75], "texture": "#brown1"},
				"west": {"uv": [7.25, 7.75, 8.25, 8.75], "texture": "#brown1"},
				"down": {"uv": [12.25, 7.75, 15.25, 8.75], "texture": "#brown1"}
			}
		},
		{
			"from": [-3.75, 8.25, 7],
			"to": [1.25, 9, 7.25],
			"faces": {
				"north": {"uv": [14.75, 7, 16, 7.75], "texture": "#brown1"},
				"east": {"uv": [8.75, 7, 9, 7.75], "texture": "#brown1"},
				"west": {"uv": [7, 7, 7.25, 7.75], "texture": "#brown1"},
				"up": {"uv": [0, 7, 1.25, 7.25], "texture": "#brown1"},
				"down": {"uv": [0, 8.75, 1.25, 9], "texture": "#brown1"}
			}
		},
		{
			"from": [-3.75, 8.25, 8.25],
			"to": [1.25, 9, 8.5],
			"faces": {
				"east": {"uv": [7.5, 7, 7.75, 7.75], "texture": "#brown1"},
				"south": {"uv": [0, 7, 1.25, 7.75], "texture": "#brown1"},
				"west": {"uv": [8.25, 7, 8.5, 7.75], "texture": "#brown1"},
				"up": {"uv": [0, 8.25, 1.25, 8.5], "texture": "#brown1"},
				"down": {"uv": [0, 7.5, 1.25, 7.75], "texture": "#brown1"}
			}
		},
		{
			"from": [-3.75, 9, 7.25],
			"to": [13.5, 9.25, 8.25],
			"faces": {
				"north": {"uv": [2.5, 6.75, 16, 7], "texture": "#brown1"},
				"east": {"uv": [7.75, 6.75, 8.75, 7], "texture": "#brown1"},
				"south": {"uv": [0, 6.75, 13.5, 7], "texture": "#brown1"},
				"west": {"uv": [7.25, 6.75, 8.25, 7], "texture": "#brown1"},
				"up": {"uv": [0, 7.25, 13.5, 8.25], "texture": "#brown1"},
				"down": {"uv": [0, 7.75, 13.5, 8.75], "texture": "#brown1"}
			}
		},
		{
			"from": [-3.5, 6.5, 7.25],
			"to": [-2.75, 7.25, 8.25],
			"faces": {
				"north": {"uv": [2.75, 8.75, 3.5, 9.5], "texture": "#brown1"},
				"east": {"uv": [7.75, 8.75, 8.75, 9.5], "texture": "#brown1"},
				"south": {"uv": [12.5, 8.75, 13.25, 9.5], "texture": "#brown1"},
				"west": {"uv": [7.25, 8.75, 8.25, 9.5], "texture": "#brown1"},
				"down": {"uv": [12.5, 7.75, 13.25, 8.75], "texture": "#brown1"}
			}
		},
		{
			"from": [-3.5, 7.25, 7],
			"to": [-1.5, 8.25, 7.25],
			"faces": {
				"north": {"uv": [1.5, 7.75, 3.5, 8.75], "texture": "#brown1"},
				"east": {"uv": [8.75, 7.75, 9, 8.75], "texture": "#brown1"},
				"west": {"uv": [7, 7.75, 7.25, 8.75], "texture": "#brown1"},
				"down": {"uv": [12.5, 8.75, 14.5, 9], "texture": "#brown1"}
			}
		},
		{
			"from": [-3.5, 7.25, 8.25],
			"to": [-1.5, 8.25, 8.5],
			"faces": {
				"east": {"uv": [7.5, 7.75, 7.75, 8.75], "texture": "#brown1"},
				"south": {"uv": [12.5, 7.75, 14.5, 8.75], "texture": "#brown1"},
				"west": {"uv": [8.25, 7.75, 8.5, 8.75], "texture": "#brown1"},
				"down": {"uv": [12.5, 7.5, 14.5, 7.75], "texture": "#brown1"}
			}
		},
		{
			"from": [-3.25, 6.75, 7],
			"to": [-2.75, 7.25, 7.25],
			"faces": {
				"north": {"uv": [2.75, 8.75, 3.25, 9.25], "texture": "#brown1"},
				"east": {"uv": [8.75, 8.75, 9, 9.25], "texture": "#brown1"},
				"west": {"uv": [7, 8.75, 7.25, 9.25], "texture": "#brown1"},
				"down": {"uv": [12.75, 8.75, 13.25, 9], "texture": "#brown1"}
			}
		},
		{
			"from": [-3.25, 6.75, 8.25],
			"to": [-2.75, 7.25, 8.5],
			"faces": {
				"east": {"uv": [7.5, 8.75, 7.75, 9.25], "texture": "#brown1"},
				"south": {"uv": [12.75, 8.75, 13.25, 9.25], "texture": "#brown1"},
				"west": {"uv": [8.25, 8.75, 8.5, 9.25], "texture": "#brown1"},
				"down": {"uv": [12.75, 7.5, 13.25, 7.75], "texture": "#brown1"}
			}
		},
		{
			"from": [-3.25, 9, 7],
			"to": [2, 9.25, 7.25],
			"faces": {
				"north": {"uv": [14, 6.75, 16, 7], "texture": "#brown1"},
				"east": {"uv": [8.75, 6.75, 9, 7], "texture": "#brown1"},
				"west": {"uv": [7, 6.75, 7.25, 7], "texture": "#brown1"},
				"up": {"uv": [0, 7, 2, 7.25], "texture": "#brown1"},
				"down": {"uv": [0, 8.75, 2, 9], "texture": "#brown1"}
			}
		},
		{
			"from": [-3.25, 9, 8.25],
			"to": [2, 9.25, 8.5],
			"faces": {
				"east": {"uv": [7.5, 6.75, 7.75, 7], "texture": "#brown1"},
				"south": {"uv": [0, 6.75, 2, 7], "texture": "#brown1"},
				"west": {"uv": [8.25, 6.75, 8.5, 7], "texture": "#brown1"},
				"up": {"uv": [0, 8.25, 2, 8.5], "texture": "#brown1"},
				"down": {"uv": [0, 7.5, 2, 7.75], "texture": "#brown1"}
			}
		},
		{
			"from": [-3.25, 9.25, 7.25],
			"to": [2, 9.5, 8.25],
			"faces": {
				"north": {"uv": [14, 6.5, 16, 6.75], "texture": "#brown1"},
				"south": {"uv": [0, 6.5, 2, 6.75], "texture": "#brown1"},
				"west": {"uv": [7.25, 6.5, 8.25, 6.75], "texture": "#brown1"},
				"up": {"uv": [0, 7.25, 2, 8.25], "texture": "#brown1"}
			}
		},
		{
			"from": [-2.75, 6.75, 7.25],
			"to": [-2.25, 7.25, 8.25],
			"faces": {
				"north": {"uv": [2.25, 8.75, 2.75, 9.25], "texture": "#brown1"},
				"east": {"uv": [7.75, 8.75, 8.75, 9.25], "texture": "#brown1"},
				"south": {"uv": [13.25, 8.75, 13.75, 9.25], "texture": "#brown1"},
				"down": {"uv": [13.25, 7.75, 13.75, 8.75], "texture": "#brown1"}
			}
		},
		{
			"from": [-2.75, 7, 7],
			"to": [-2.25, 7.25, 7.25],
			"faces": {
				"north": {"uv": [2.25, 8.75, 2.75, 9], "texture": "#brown1"},
				"east": {"uv": [8.75, 8.75, 9, 9], "texture": "#brown1"},
				"down": {"uv": [13.25, 8.75, 13.75, 9], "texture": "#brown1"}
			}
		},
		{
			"from": [-2.75, 7, 8.25],
			"to": [-2.25, 7.25, 8.5],
			"faces": {
				"east": {"uv": [7.5, 8.75, 7.75, 9], "texture": "#brown1"},
				"south": {"uv": [13.25, 8.75, 13.75, 9], "texture": "#brown1"},
				"down": {"uv": [13.25, 7.5, 13.75, 7.75], "texture": "#brown1"}
			}
		},
		{
			"from": [-2.25, 7, 7.25],
			"to": [-1.5, 7.25, 8.25],
			"faces": {
				"north": {"uv": [1.5, 8.75, 2.25, 9], "texture": "#brown1"},
				"east": {"uv": [7.75, 8.75, 8.75, 9], "texture": "#brown1"},
				"south": {"uv": [13.75, 8.75, 14.5, 9], "texture": "#brown1"},
				"down": {"uv": [13.75, 7.75, 14.5, 8.75], "texture": "#brown1"}
			}
		},
		{
			"from": [-2.25, 9.25, 7],
			"to": [1.75, 9.5, 7.25],
			"faces": {
				"north": {"uv": [14.25, 6.5, 16, 6.75], "texture": "#brown1"},
				"east": {"uv": [8.75, 6.5, 9, 6.75], "texture": "#brown1"},
				"west": {"uv": [7, 6.5, 7.25, 6.75], "texture": "#brown1"},
				"up": {"uv": [0, 7, 1.75, 7.25], "texture": "#brown1"}
			}
		},
		{
			"from": [-2.25, 9.25, 8.25],
			"to": [0.25, 9.5, 8.5],
			"faces": {
				"east": {"uv": [7.5, 6.5, 7.75, 6.75], "texture": "#brown1"},
				"south": {"uv": [0, 6.5, 0.25, 6.75], "texture": "#brown1"},
				"west": {"uv": [8.25, 6.5, 8.5, 6.75], "texture": "#brown1"},
				"up": {"uv": [0, 8.25, 0.25, 8.5], "texture": "#brown1"}
			}
		},
		{
			"from": [-2.25, 9.5, 7.25],
			"to": [0.25, 9.75, 8.25],
			"faces": {
				"north": {"uv": [15.75, 6.25, 16, 6.5], "texture": "#brown1"},
				"east": {"uv": [7.75, 6.25, 8.75, 6.5], "texture": "#brown1"},
				"south": {"uv": [0, 6.25, 0.25, 6.5], "texture": "#brown1"},
				"west": {"uv": [7.25, 6.25, 8.25, 6.5], "texture": "#brown1"},
				"up": {"uv": [0, 7.25, 0.25, 8.25], "texture": "#brown1"}
			}
		},
		{
			"from": [-1.5, 7.5, 7],
			"to": [-0.75, 8.25, 7.25],
			"faces": {
				"north": {"uv": [0.75, 7.75, 1.5, 8.5], "texture": "#brown1"},
				"east": {"uv": [8.75, 7.75, 9, 8.5], "texture": "#brown1"},
				"down": {"uv": [14.5, 8.75, 15.25, 9], "texture": "#brown1"}
			}
		},
		{
			"from": [-1.5, 7.5, 8.25],
			"to": [-0.75, 8.25, 8.5],
			"faces": {
				"east": {"uv": [7.5, 7.75, 7.75, 8.5], "texture": "#brown1"},
				"south": {"uv": [14.5, 7.75, 15.25, 8.5], "texture": "#brown1"},
				"down": {"uv": [14.5, 7.5, 15.25, 7.75], "texture": "#brown1"}
			}
		},
		{
			"from": [-1.25, 9.5, 7],
			"to": [-0.25, 9.75, 7.25],
			"faces": {
				"north": {"uv": [0.25, 6.25, 1.25, 6.5], "texture": "#brown1"},
				"east": {"uv": [8.75, 6.25, 9, 6.5], "texture": "#brown1"},
				"west": {"uv": [7, 6.25, 7.25, 6.5], "texture": "#brown1"},
				"up": {"uv": [14.75, 7, 15.75, 7.25], "texture": "#brown1"}
			}
		},
		{
			"from": [-1.25, 9.5, 8.25],
			"to": [-0.25, 9.75, 8.5],
			"faces": {
				"east": {"uv": [7.5, 6.25, 7.75, 6.5], "texture": "#brown1"},
				"south": {"uv": [14.75, 6.25, 15.75, 6.5], "texture": "#brown1"},
				"west": {"uv": [8.25, 6.25, 8.5, 6.5], "texture": "#brown1"},
				"up": {"uv": [14.75, 8.25, 15.75, 8.5], "texture": "#brown1"}
			}
		},
		{
			"from": [-1.25, 9.75, 7.25],
			"to": [-0.25, 10, 8.25],
			"faces": {
				"north": {"uv": [0.25, 6, 1.25, 6.25], "texture": "#brown1"},
				"east": {"uv": [7.75, 6, 8.75, 6.25], "texture": "#brown1"},
				"south": {"uv": [14.75, 6, 15.75, 6.25], "texture": "#brown1"},
				"west": {"uv": [7.25, 6, 8.25, 6.25], "texture": "#brown1"},
				"up": {"uv": [14.75, 7.25, 15.75, 8.25], "texture": "#brown1"}
			}
		},
		{
			"from": [-0.75, 7.5, 7.25],
			"to": [-0.25, 8.25, 8.25],
			"faces": {
				"north": {"uv": [0.25, 7.75, 0.75, 8.5], "texture": "#brown1"},
				"east": {"uv": [7.75, 7.75, 8.75, 8.5], "texture": "#brown1"},
				"south": {"uv": [15.25, 7.75, 15.75, 8.5], "texture": "#brown1"},
				"down": {"uv": [15.25, 7.75, 15.75, 8.75], "texture": "#brown1"}
			}
		},
		{
			"from": [-0.75, 7.75, 7],
			"to": [-0.25, 8.25, 7.25],
			"faces": {
				"north": {"uv": [0.25, 7.75, 0.75, 8.25], "texture": "#brown1"},
				"east": {"uv": [8.75, 7.75, 9, 8.25], "texture": "#brown1"},
				"down": {"uv": [15.25, 8.75, 15.75, 9], "texture": "#brown1"}
			}
		},
		{
			"from": [-0.75, 7.75, 8.25],
			"to": [-0.25, 8.25, 8.5],
			"faces": {
				"east": {"uv": [7.5, 7.75, 7.75, 8.25], "texture": "#brown1"},
				"south": {"uv": [15.25, 7.75, 15.75, 8.25], "texture": "#brown1"},
				"down": {"uv": [15.25, 7.5, 15.75, 7.75], "texture": "#brown1"}
			}
		},
		{
			"from": [-0.25, 7.75, 7.25],
			"to": [0.5, 8.25, 8.25],
			"faces": {
				"north": {"uv": [15.5, 7.75, 16, 8.25], "texture": "#brown1"},
				"east": {"uv": [7.75, 7.75, 8.75, 8.25], "texture": "#brown1"},
				"south": {"uv": [0, 7.75, 0.5, 8.25], "texture": "#brown1"},
				"down": {"uv": [0, 7.75, 0.5, 8.75], "texture": "#brown1"}
			}
		},
		{
			"from": [-0.25, 8, 7],
			"to": [0.5, 8.25, 7.25],
			"faces": {
				"north": {"uv": [15.5, 7.75, 16, 8], "texture": "#brown1"},
				"east": {"uv": [8.75, 7.75, 9, 8], "texture": "#brown1"},
				"down": {"uv": [0, 8.75, 0.5, 9], "texture": "#brown1"}
			}
		},
		{
			"from": [-0.25, 8, 8.25],
			"to": [0.5, 8.25, 8.5],
			"faces": {
				"east": {"uv": [7.5, 7.75, 7.75, 8], "texture": "#brown1"},
				"south": {"uv": [0, 7.75, 0.5, 8], "texture": "#brown1"},
				"down": {"uv": [0, 7.5, 0.5, 7.75], "texture": "#brown1"}
			}
		},
		{
			"from": [0.5, 8, 7.25],
			"to": [1.25, 8.25, 8.25],
			"faces": {
				"north": {"uv": [14.75, 7.75, 15.5, 8], "texture": "#brown1"},
				"east": {"uv": [7.75, 7.75, 8.75, 8], "texture": "#brown1"},
				"south": {"uv": [0.5, 7.75, 1.25, 8], "texture": "#brown1"},
				"down": {"uv": [0.5, 7.75, 1.25, 8.75], "texture": "#brown1"}
			}
		},
		{
			"from": [0.75, 9.25, 8.25],
			"to": [1.75, 9.5, 8.5],
			"faces": {
				"east": {"uv": [7.5, 6.5, 7.75, 6.75], "texture": "#brown1"},
				"south": {"uv": [0.75, 6.5, 1.75, 6.75], "texture": "#brown1"},
				"west": {"uv": [8.25, 6.5, 8.5, 6.75], "texture": "#brown1"},
				"up": {"uv": [0.75, 8.25, 1.75, 8.5], "texture": "#brown1"}
			}
		},
		{
			"from": [0.75, 9.5, 7.25],
			"to": [13.5, 9.75, 8.25],
			"faces": {
				"north": {"uv": [2.5, 6.25, 15.25, 6.5], "texture": "#brown1"},
				"east": {"uv": [7.75, 6.25, 8.75, 6.5], "texture": "#brown1"},
				"south": {"uv": [0.75, 6.25, 13.5, 6.5], "texture": "#brown1"},
				"west": {"uv": [7.25, 6.25, 8.25, 6.5], "texture": "#brown1"},
				"up": {"uv": [0.75, 7.25, 13.5, 8.25], "texture": "#brown1"},
				"down": {"uv": [0.75, 7.75, 13.5, 8.75], "texture": "#brown1"}
			}
		},
		{
			"from": [1.25, 8.5, 7],
			"to": [1.75, 9, 7.25],
			"faces": {
				"north": {"uv": [14.25, 7, 14.75, 7.5], "texture": "#brown1"},
				"east": {"uv": [8.75, 7, 9, 7.5], "texture": "#brown1"},
				"down": {"uv": [1.25, 8.75, 1.75, 9], "texture": "#brown1"}
			}
		},
		{
			"from": [1.25, 8.5, 8.25],
			"to": [1.75, 9, 8.5],
			"faces": {
				"east": {"uv": [7.5, 7, 7.75, 7.5], "texture": "#brown1"},
				"south": {"uv": [1.25, 7, 1.75, 7.5], "texture": "#brown1"},
				"down": {"uv": [1.25, 7.5, 1.75, 7.75], "texture": "#brown1"}
			}
		},
		{
			"from": [1.5, 9.5, 7],
			"to": [1.75, 9.75, 7.25],
			"faces": {
				"north": {"uv": [14.25, 6.25, 14.5, 6.5], "texture": "#brown1"},
				"east": {"uv": [8.75, 6.25, 9, 6.5], "texture": "#brown1"},
				"west": {"uv": [7, 6.25, 7.25, 6.5], "texture": "#brown1"},
				"up": {"uv": [1.5, 7, 1.75, 7.25], "texture": "#brown1"}
			}
		},
		{
			"from": [1.5, 9.5, 8.25],
			"to": [1.75, 9.75, 8.5],
			"faces": {
				"east": {"uv": [7.5, 6.25, 7.75, 6.5], "texture": "#brown1"},
				"south": {"uv": [1.5, 6.25, 1.75, 6.5], "texture": "#brown1"},
				"west": {"uv": [8.25, 6.25, 8.5, 6.5], "texture": "#brown1"},
				"up": {"uv": [1.5, 8.25, 1.75, 8.5], "texture": "#brown1"}
			}
		},
		{
			"from": [1.5, 9.75, 7.25],
			"to": [2, 10, 8.25],
			"faces": {
				"north": {"uv": [14, 6, 14.5, 6.25], "texture": "#brown1"},
				"south": {"uv": [1.5, 6, 2, 6.25], "texture": "#brown1"},
				"west": {"uv": [7.25, 6, 8.25, 6.25], "texture": "#brown1"},
				"up": {"uv": [1.5, 7.25, 2, 8.25], "texture": "#brown1"}
			}
		},
		{
			"from": [1.75, 8.5, 7.25],
			"to": [2.25, 9, 8.25],
			"faces": {
				"north": {"uv": [13.75, 7, 14.25, 7.5], "texture": "#brown1"},
				"east": {"uv": [7.75, 7, 8.75, 7.5], "texture": "#brown1"},
				"south": {"uv": [1.75, 7, 2.25, 7.5], "texture": "#brown1"},
				"down": {"uv": [1.75, 7.75, 2.25, 8.75], "texture": "#brown1"}
			}
		},
		{
			"from": [1.75, 8.75, 7],
			"to": [2, 9, 7.25],
			"faces": {
				"north": {"uv": [14, 7, 14.25, 7.25], "texture": "#brown1"},
				"east": {"uv": [8.75, 7, 9, 7.25], "texture": "#brown1"},
				"down": {"uv": [1.75, 8.75, 2, 9], "texture": "#brown1"}
			}
		},
		{
			"from": [1.75, 8.75, 8.25],
			"to": [2, 9, 8.5],
			"faces": {
				"east": {"uv": [7.5, 7, 7.75, 7.25], "texture": "#brown1"},
				"south": {"uv": [1.75, 7, 2, 7.25], "texture": "#brown1"},
				"down": {"uv": [1.75, 7.5, 2, 7.75], "texture": "#brown1"}
			}
		},
		{
			"from": [2, 6, 7.25],
			"to": [3.25, 6.5, 8.25],
			"faces": {
				"north": {"uv": [12.75, 9.5, 14, 10], "texture": "#brown1"},
				"east": {"uv": [7.75, 9.5, 8.75, 10], "texture": "#brown1"},
				"south": {"uv": [2, 9.5, 3.25, 10], "texture": "#brown1"},
				"west": {"uv": [7.25, 9.5, 8.25, 10], "texture": "#brown1"},
				"up": {"uv": [2, 7.25, 3.25, 8.25], "texture": "#brown1"},
				"down": {"uv": [2, 7.75, 3.25, 8.75], "texture": "#brown1"}
			}
		},
		{
			"from": [2, 9.25, 7],
			"to": [13.25, 9.5, 7.25],
			"faces": {
				"north": {"uv": [2.75, 6.5, 14, 6.75], "texture": "#white"},
				"south": {"uv": [2, 6.5, 13.25, 6.75], "texture": "#white"},
				"west": {"uv": [7, 6.5, 7.25, 6.75], "texture": "#white"},
				"up": {"uv": [2, 7, 13.25, 7.25], "texture": "#white"},
				"down": {"uv": [2, 8.75, 13.25, 9], "texture": "#white"}
			}
		},
		{
			"from": [2, 9.25, 7.25],
			"to": [9.5, 9.5, 8.5],
			"faces": {
				"east": {"uv": [7.5, 6.5, 8.75, 6.75], "texture": "#white"},
				"south": {"uv": [2, 6.5, 9.5, 6.75], "texture": "#white"},
				"west": {"uv": [7.25, 6.5, 8.5, 6.75], "texture": "#white"},
				"up": {"uv": [2, 7.25, 9.5, 8.5], "texture": "#white"},
				"down": {"uv": [2, 7.5, 9.5, 8.75], "texture": "#white"}
			}
		},
		{
			"from": [2, 9.5, 7],
			"to": [9.5, 10, 7.25],
			"faces": {
				"north": {"uv": [6.5, 6, 14, 6.5], "texture": "#white"},
				"south": {"uv": [2, 6, 9.5, 6.5], "texture": "#white"},
				"west": {"uv": [7, 6, 7.25, 6.5], "texture": "#white"},
				"up": {"uv": [2, 7, 9.5, 7.25], "texture": "#white"}
			}
		},
		{
			"from": [2, 9.5, 8.25],
			"to": [9.5, 10, 8.5],
			"faces": {
				"north": {"uv": [6.5, 6, 14, 6.5], "texture": "#white"},
				"south": {"uv": [2, 6, 9.5, 6.5], "texture": "#white"},
				"west": {"uv": [8.25, 6, 8.5, 6.5], "texture": "#white"},
				"up": {"uv": [2, 8.25, 9.5, 8.5], "texture": "#white"}
			}
		},
		{
			"from": [2, 9.75, 7.25],
			"to": [9.5, 10, 8.25],
			"faces": {
				"up": {"uv": [2, 7.25, 9.5, 8.25], "texture": "#white"}
			}
		},
		{
			"from": [2.25, 5.75, 7.25],
			"to": [3.25, 6, 8.25],
			"faces": {
				"north": {"uv": [12.75, 10, 13.75, 10.25], "texture": "#brown1"},
				"east": {"uv": [7.75, 10, 8.75, 10.25], "texture": "#brown1"},
				"south": {"uv": [2.25, 10, 3.25, 10.25], "texture": "#brown1"},
				"west": {"uv": [7.25, 10, 8.25, 10.25], "texture": "#brown1"},
				"down": {"uv": [2.25, 7.75, 3.25, 8.75], "texture": "#brown1"}
			}
		},
		{
			"from": [2.25, 6, 7],
			"to": [3, 6.5, 7.25],
			"faces": {
				"north": {"uv": [13, 9.5, 13.75, 10], "texture": "#brown1"},
				"east": {"uv": [8.75, 9.5, 9, 10], "texture": "#brown1"},
				"west": {"uv": [7, 9.5, 7.25, 10], "texture": "#brown1"},
				"up": {"uv": [2.25, 7, 3, 7.25], "texture": "#brown1"},
				"down": {"uv": [2.25, 8.75, 3, 9], "texture": "#brown1"}
			}
		},
		{
			"from": [2.25, 6, 8.25],
			"to": [3.25, 6.5, 8.5],
			"faces": {
				"east": {"uv": [7.5, 9.5, 7.75, 10], "texture": "#brown1"},
				"south": {"uv": [2.25, 9.5, 3.25, 10], "texture": "#brown1"},
				"west": {"uv": [8.25, 9.5, 8.5, 10], "texture": "#brown1"},
				"up": {"uv": [2.25, 8.25, 3.25, 8.5], "texture": "#brown1"},
				"down": {"uv": [2.25, 7.5, 3.25, 7.75], "texture": "#brown1"}
			}
		},
		{
			"from": [2.25, 6.5, 7.25],
			"to": [3.5, 7.25, 8.25],
			"faces": {
				"north": {"uv": [12.5, 8.75, 13.75, 9.5], "texture": "#brown1"},
				"east": {"uv": [7.75, 8.75, 8.75, 9.5], "texture": "#brown1"},
				"south": {"uv": [2.25, 8.75, 3.5, 9.5], "texture": "#brown1"},
				"west": {"uv": [7.25, 8.75, 8.25, 9.5], "texture": "#brown1"},
				"up": {"uv": [2.25, 7.25, 3.5, 8.25], "texture": "#brown1"},
				"down": {"uv": [2.25, 7.75, 3.5, 8.75], "texture": "#brown1"}
			}
		},
		{
			"from": [2.25, 8.75, 7],
			"to": [10.5, 9, 7.25],
			"faces": {
				"north": {"uv": [5.5, 7, 13.75, 7.25], "texture": "#white"},
				"south": {"uv": [2.25, 7, 10.5, 7.25], "texture": "#white"},
				"west": {"uv": [7, 7, 7.25, 7.25], "texture": "#white"},
				"up": {"uv": [2.25, 7, 10.5, 7.25], "texture": "#white"},
				"down": {"uv": [2.25, 8.75, 10.5, 9], "texture": "#white"}
			}
		},
		{
			"from": [2.25, 8.75, 7.25],
			"to": [9.5, 9, 8.5],
			"faces": {
				"east": {"uv": [7.5, 7, 8.75, 7.25], "texture": "#white"},
				"south": {"uv": [2.25, 7, 9.5, 7.25], "texture": "#white"},
				"west": {"uv": [7.25, 7, 8.5, 7.25], "texture": "#white"},
				"up": {"uv": [2.25, 7.25, 9.5, 8.5], "texture": "#white"},
				"down": {"uv": [2.25, 7.5, 9.5, 8.75], "texture": "#white"}
			}
		},
		{
			"from": [2.25, 9, 7],
			"to": [9.5, 9.25, 7.25],
			"faces": {
				"north": {"uv": [6.5, 6.75, 13.75, 7], "texture": "#white"},
				"west": {"uv": [7, 6.75, 7.25, 7], "texture": "#white"}
			}
		},
		{
			"from": [2.25, 9, 8.25],
			"to": [9.5, 9.25, 8.5],
			"faces": {
				"south": {"uv": [2.25, 6.75, 9.5, 7], "texture": "#white"},
				"west": {"uv": [8.25, 6.75, 8.5, 7], "texture": "#white"}
			}
		},
		{
			"from": [2.25, 10, 7],
			"to": [8.75, 10.25, 8.5],
			"faces": {
				"north": {"uv": [9.25, 5.75, 13.75, 6], "texture": "#white"},
				"east": {"uv": [7.5, 5.75, 9, 6], "texture": "#white"},
				"south": {"uv": [2.25, 5.75, 6.75, 6], "texture": "#white"},
				"west": {"uv": [7, 5.75, 8.5, 6], "texture": "#white"},
				"up": {"uv": [2.25, 7, 6.75, 8.5], "texture": "#white"},
				"down": {"uv": [2.25, 7.5, 6.75, 9], "texture": "#white"}
			}
		},
		{
			"from": [2.5, 6.5, 7],
			"to": [3.25, 7.25, 7.25],
			"faces": {
				"north": {"uv": [12.75, 8.75, 13.5, 9.5], "texture": "#brown1"},
				"east": {"uv": [8.75, 8.75, 9, 9.5], "texture": "#brown1"},
				"west": {"uv": [7, 8.75, 7.25, 9.5], "texture": "#brown1"},
				"up": {"uv": [2.5, 7, 3.25, 7.25], "texture": "#brown1"},
				"down": {"uv": [2.5, 8.75, 3.25, 9], "texture": "#brown1"}
			}
		},
		{
			"from": [2.5, 6.5, 8.25],
			"to": [3.25, 7.25, 8.5],
			"faces": {
				"east": {"uv": [7.5, 8.75, 7.75, 9.5], "texture": "#brown1"},
				"south": {"uv": [2.5, 8.75, 3.25, 9.5], "texture": "#brown1"},
				"west": {"uv": [8.25, 8.75, 8.5, 9.5], "texture": "#brown1"},
				"up": {"uv": [2.5, 8.25, 3.25, 8.5], "texture": "#brown1"}
			}
		},
		{
			"from": [2.5, 7.25, 7.25],
			"to": [3.75, 7.75, 8.25],
			"faces": {
				"north": {"uv": [12.25, 8.25, 13.5, 8.75], "texture": "#brown1"},
				"east": {"uv": [7.75, 8.25, 8.75, 8.75], "texture": "#brown1"},
				"south": {"uv": [2.5, 8.25, 3.75, 8.75], "texture": "#brown1"},
				"west": {"uv": [7.25, 8.25, 8.25, 8.75], "texture": "#brown1"},
				"up": {"uv": [2.5, 7.25, 3.75, 8.25], "texture": "#brown1"},
				"down": {"uv": [2.5, 7.75, 3.75, 8.75], "texture": "#brown1"}
			}
		},
		{
			"from": [2.5, 8, 7.25],
			"to": [4.25, 8.25, 8.25],
			"faces": {
				"north": {"uv": [11.75, 7.75, 13.5, 8], "texture": "#brown1"},
				"south": {"uv": [2.5, 7.75, 4.25, 8], "texture": "#brown1"},
				"west": {"uv": [7.25, 7.75, 8.25, 8], "texture": "#brown1"},
				"down": {"uv": [2.5, 7.75, 4.25, 8.75], "texture": "#brown1"}
			}
		},
		{
			"from": [2.5, 8.25, 7],
			"to": [4.25, 8.75, 8.5],
			"faces": {
				"north": {"uv": [11.75, 7.25, 13.5, 7.75], "texture": "#white"},
				"east": {"uv": [7.5, 7.25, 9, 7.75], "texture": "#white"},
				"south": {"uv": [2.5, 7.25, 4.25, 7.75], "texture": "#white"},
				"west": {"uv": [7, 7.25, 8.5, 7.75], "texture": "#white"},
				"up": {"uv": [2.5, 7, 4.25, 8.5], "texture": "#white"},
				"down": {"uv": [2.5, 7.5, 4.25, 9], "texture": "#white"}
			}
		},
		{
			"from": [2.5, 10.25, 7],
			"to": [8.75, 10.5, 8.5],
			"faces": {
				"north": {"uv": [9.25, 5.5, 13.5, 5.75], "texture": "#white"},
				"east": {"uv": [7.5, 5.5, 9, 5.75], "texture": "#white"},
				"south": {"uv": [2.5, 5.5, 6.75, 5.75], "texture": "#white"},
				"west": {"uv": [7, 5.5, 8.5, 5.75], "texture": "#white"},
				"up": {"uv": [2.5, 7, 6.75, 8.5], "texture": "#white"}
			}
		},
		{
			"from": [2.75, 5.5, 7.25],
			"to": [3.25, 5.75, 8.25],
			"faces": {
				"north": {"uv": [12.75, 10.25, 13.25, 10.5], "texture": "#brown1"},
				"east": {"uv": [7.75, 10.25, 8.75, 10.5], "texture": "#brown1"},
				"south": {"uv": [2.75, 10.25, 3.25, 10.5], "texture": "#brown1"},
				"west": {"uv": [7.25, 10.25, 8.25, 10.5], "texture": "#brown1"},
				"down": {"uv": [2.75, 7.75, 3.25, 8.75], "texture": "#brown1"}
			}
		},
		{
			"from": [2.75, 5.75, 7],
			"to": [3, 6, 7.25],
			"faces": {
				"north": {"uv": [13, 10, 13.25, 10.25], "texture": "#brown1"},
				"east": {"uv": [8.75, 10, 9, 10.25], "texture": "#brown1"},
				"west": {"uv": [7, 10, 7.25, 10.25], "texture": "#brown1"},
				"down": {"uv": [2.75, 8.75, 3, 9], "texture": "#brown1"}
			}
		},
		{
			"from": [2.75, 5.75, 8.25],
			"to": [3, 6, 8.5],
			"faces": {
				"east": {"uv": [7.5, 10, 7.75, 10.25], "texture": "#brown1"},
				"south": {"uv": [2.75, 10, 3, 10.25], "texture": "#brown1"},
				"west": {"uv": [8.25, 10, 8.5, 10.25], "texture": "#brown1"},
				"down": {"uv": [2.75, 7.5, 3, 7.75], "texture": "#brown1"}
			}
		},
		{
			"from": [2.75, 7.25, 7],
			"to": [3.5, 8, 7.25],
			"faces": {
				"north": {"uv": [12.5, 8, 13.25, 8.75], "texture": "#brown1"},
				"east": {"uv": [8.75, 8, 9, 8.75], "texture": "#brown1"},
				"south": {"uv": [2.75, 8, 3.5, 8.75], "texture": "#brown1"},
				"west": {"uv": [7, 8, 7.25, 8.75], "texture": "#brown1"},
				"up": {"uv": [2.75, 7, 3.5, 7.25], "texture": "#brown1"},
				"down": {"uv": [2.75, 8.75, 3.5, 9], "texture": "#brown1"}
			}
		},
		{
			"from": [2.75, 7.25, 8.25],
			"to": [3.5, 7.75, 8.5],
			"faces": {
				"east": {"uv": [7.5, 8.25, 7.75, 8.75], "texture": "#brown1"},
				"south": {"uv": [2.75, 8.25, 3.5, 8.75], "texture": "#brown1"},
				"west": {"uv": [8.25, 8.25, 8.5, 8.75], "texture": "#brown1"},
				"up": {"uv": [2.75, 8.25, 3.5, 8.5], "texture": "#brown1"},
				"down": {"uv": [2.75, 7.5, 3.5, 7.75], "texture": "#brown1"}
			}
		},
		{
			"from": [2.75, 7.75, 7.25],
			"to": [4, 8, 8.25],
			"faces": {
				"north": {"uv": [12, 8, 13.25, 8.25], "texture": "#brown1"},
				"east": {"uv": [7.75, 8, 8.75, 8.25], "texture": "#brown1"},
				"south": {"uv": [2.75, 8, 4, 8.25], "texture": "#brown1"},
				"west": {"uv": [7.25, 8, 8.25, 8.25], "texture": "#brown1"},
				"down": {"uv": [2.75, 7.75, 4, 8.75], "texture": "#brown1"}
			}
		},
		{
			"from": [2.75, 10.5, 7],
			"to": [13.25, 10.75, 8.5],
			"faces": {
				"north": {"uv": [2.75, 5.25, 13.25, 5.5], "texture": "#white"},
				"south": {"uv": [2.75, 5.25, 13.25, 5.5], "texture": "#white"},
				"west": {"uv": [7, 5.25, 8.5, 5.5], "texture": "#white"},
				"up": {"uv": [2.75, 7, 13.25, 8.5], "texture": "#white"},
				"down": {"uv": [2.75, 7.5, 13.25, 9], "texture": "#white"}
			}
		},
		{
			"from": [3, 6.25, 7],
			"to": [3.25, 6.5, 7.25],
			"faces": {
				"north": {"uv": [12.75, 9.5, 13, 9.75], "texture": "#brown1"},
				"east": {"uv": [8.75, 9.5, 9, 9.75], "texture": "#brown1"},
				"down": {"uv": [3, 8.75, 3.25, 9], "texture": "#brown1"}
			}
		},
		{
			"from": [3, 7.75, 8.25],
			"to": [3.75, 8, 8.5],
			"faces": {
				"east": {"uv": [7.5, 8, 7.75, 8.25], "texture": "#brown1"},
				"south": {"uv": [3, 8, 3.75, 8.25], "texture": "#brown1"},
				"west": {"uv": [8.25, 8, 8.5, 8.25], "texture": "#brown1"},
				"up": {"uv": [3, 8.25, 3.75, 8.5], "texture": "#brown1"},
				"down": {"uv": [3, 7.5, 3.75, 7.75], "texture": "#brown1"}
			}
		},
		{
			"from": [3, 10.75, 7.25],
			"to": [10.75, 11, 8.25],
			"faces": {
				"north": {"uv": [5.25, 5, 13, 5.25], "texture": "#white"},
				"south": {"uv": [3, 5, 10.75, 5.25], "texture": "#white"},
				"west": {"uv": [7.25, 5, 8.25, 5.25], "texture": "#white"},
				"up": {"uv": [3, 7.25, 10.75, 8.25], "texture": "#white"}
			}
		},
		{
			"from": [3.25, 6.25, 7.25],
			"to": [3.5, 6.5, 8.25],
			"faces": {
				"north": {"uv": [12.5, 9.5, 12.75, 9.75], "texture": "#brown1"},
				"east": {"uv": [7.75, 9.5, 8.75, 9.75], "texture": "#brown1"},
				"south": {"uv": [3.25, 9.5, 3.5, 9.75], "texture": "#brown1"},
				"down": {"uv": [3.25, 7.75, 3.5, 8.75], "texture": "#brown1"}
			}
		},
		{
			"from": [3.25, 7, 7],
			"to": [3.5, 7.25, 7.25],
			"faces": {
				"north": {"uv": [12.5, 8.75, 12.75, 9], "texture": "#brown1"},
				"east": {"uv": [8.75, 8.75, 9, 9], "texture": "#brown1"},
				"down": {"uv": [3.25, 8.75, 3.5, 9], "texture": "#brown1"}
			}
		},
		{
			"from": [3.25, 7, 8.25],
			"to": [3.5, 7.25, 8.5],
			"faces": {
				"east": {"uv": [7.5, 8.75, 7.75, 9], "texture": "#brown1"},
				"south": {"uv": [3.25, 8.75, 3.5, 9], "texture": "#brown1"},
				"down": {"uv": [3.25, 7.5, 3.5, 7.75], "texture": "#brown1"}
			}
		},
		{
			"from": [3.5, 7, 7.25],
			"to": [3.75, 7.25, 8.25],
			"faces": {
				"north": {"uv": [12.25, 8.75, 12.5, 9], "texture": "#brown1"},
				"east": {"uv": [7.75, 8.75, 8.75, 9], "texture": "#brown1"},
				"south": {"uv": [3.5, 8.75, 3.75, 9], "texture": "#brown1"},
				"down": {"uv": [3.5, 7.75, 3.75, 8.75], "texture": "#brown1"}
			}
		},
		{
			"from": [3.5, 7.75, 7],
			"to": [3.75, 8, 7.25],
			"faces": {
				"north": {"uv": [12.25, 8, 12.5, 8.25], "texture": "#brown1"},
				"east": {"uv": [8.75, 8, 9, 8.25], "texture": "#brown1"},
				"up": {"uv": [3.5, 7, 3.75, 7.25], "texture": "#brown1"},
				"down": {"uv": [3.5, 8.75, 3.75, 9], "texture": "#brown1"}
			}
		},
		{
			"from": [4.25, 7.75, 7.25],
			"to": [4.5, 8.25, 8.25],
			"faces": {
				"north": {"uv": [11.5, 7.75, 11.75, 8.25], "texture": "#white"},
				"east": {"uv": [7.75, 7.75, 8.75, 8.25], "texture": "#white"},
				"south": {"uv": [4.25, 7.75, 4.5, 8.25], "texture": "#white"},
				"west": {"uv": [7.25, 7.75, 8.25, 8.25], "texture": "#white"},
				"up": {"uv": [4.25, 7.25, 4.5, 8.25], "texture": "#white"},
				"down": {"uv": [4.25, 7.75, 4.5, 8.75], "texture": "#white"}
			}
		},
		{
			"from": [4.5, 7.5, 7.25],
			"to": [5.5, 7.75, 8.25],
			"faces": {
				"north": {"uv": [10.5, 8.25, 11.5, 8.5], "texture": "#white"},
				"east": {"uv": [7.75, 8.25, 8.75, 8.5], "texture": "#white"},
				"south": {"uv": [4.5, 8.25, 5.5, 8.5], "texture": "#white"},
				"west": {"uv": [7.25, 8.25, 8.25, 8.5], "texture": "#white"},
				"up": {"uv": [4.5, 7.25, 5.5, 8.25], "texture": "#white"},
				"down": {"uv": [4.5, 7.75, 5.5, 8.75], "texture": "#white"}
			}
		},
		{
			"from": [4.75, 8.25, 7.5],
			"to": [5, 8.75, 8],
			"faces": {
				"north": {"uv": [11, 7.25, 11.25, 7.75], "texture": "#white"},
				"east": {"uv": [8, 7.25, 8.5, 7.75], "texture": "#white"},
				"south": {"uv": [4.75, 7.25, 5, 7.75], "texture": "#white"},
				"west": {"uv": [7.5, 7.25, 8, 7.75], "texture": "#white"},
				"down": {"uv": [4.75, 8, 5, 8.5], "texture": "#white"}
			}
		},
		{
			"from": [5, 8, 7.5],
			"to": [5.25, 8.25, 8],
			"faces": {
				"north": {"uv": [10.75, 7.75, 11, 8], "texture": "#white"},
				"east": {"uv": [8, 7.75, 8.5, 8], "texture": "#white"},
				"south": {"uv": [5, 7.75, 5.25, 8], "texture": "#white"},
				"west": {"uv": [7.5, 7.75, 8, 8], "texture": "#white"},
				"up": {"uv": [5, 7.5, 5.25, 8], "texture": "#white"},
				"down": {"uv": [5, 8, 5.25, 8.5], "texture": "#white"}
			}
		},
		{
			"from": [5.5, 7.75, 7.25],
			"to": [5.75, 8.75, 8.25],
			"faces": {
				"north": {"uv": [10.25, 7.25, 10.5, 8.25], "texture": "#white"},
				"east": {"uv": [7.75, 7.25, 8.75, 8.25], "texture": "#white"},
				"south": {"uv": [5.5, 7.25, 5.75, 8.25], "texture": "#white"},
				"west": {"uv": [7.25, 7.25, 8.25, 8.25], "texture": "#white"},
				"down": {"uv": [5.5, 7.75, 5.75, 8.75], "texture": "#white"}
			}
		},
		{
			"from": [5.75, 7.25, 7.5],
			"to": [6, 8.75, 7.75],
			"faces": {
				"north": {"uv": [10, 7.25, 10.25, 8.75], "texture": "#white"},
				"east": {"uv": [8.25, 7.25, 8.5, 8.75], "texture": "#white"},
				"south": {"uv": [5.75, 7.25, 6, 8.75], "texture": "#white"},
				"west": {"uv": [7.5, 7.25, 7.75, 8.75], "texture": "#white"},
				"down": {"uv": [5.75, 8.25, 6, 8.5], "texture": "#white"}
			}
		},
		{
			"from": [5.75, 8, 7.25],
			"to": [6, 8.75, 7.5],
			"faces": {
				"north": {"uv": [10, 7.25, 10.25, 8], "texture": "#white"},
				"east": {"uv": [8.5, 7.25, 8.75, 8], "texture": "#white"},
				"down": {"uv": [5.75, 8.5, 6, 8.75], "texture": "#white"}
			}
		},
		{
			"from": [5.75, 8, 7.75],
			"to": [6, 8.75, 8.25],
			"faces": {
				"east": {"uv": [7.75, 7.25, 8.25, 8], "texture": "#white"},
				"south": {"uv": [5.75, 7.25, 6, 8], "texture": "#white"},
				"down": {"uv": [5.75, 7.75, 6, 8.25], "texture": "#white"}
			}
		},
		{
			"from": [6.25, 7, 7.25],
			"to": [6.75, 7.5, 8.25],
			"faces": {
				"north": {"uv": [9.25, 8.5, 9.75, 9], "texture": "#white"},
				"east": {"uv": [7.75, 8.5, 8.75, 9], "texture": "#white"},
				"south": {"uv": [6.25, 8.5, 6.75, 9], "texture": "#white"},
				"west": {"uv": [7.25, 8.5, 8.25, 9], "texture": "#white"},
				"up": {"uv": [6.25, 7.25, 6.75, 8.25], "texture": "#white"},
				"down": {"uv": [6.25, 7.75, 6.75, 8.75], "texture": "#white"}
			}
		},
		{
			"from": [6.25, 7.5, 7.25],
			"to": [6.5, 8.75, 8.25],
			"faces": {
				"north": {"uv": [9.5, 7.25, 9.75, 8.5], "texture": "#white"},
				"east": {"uv": [7.75, 7.25, 8.75, 8.5], "texture": "#white"},
				"south": {"uv": [6.25, 7.25, 6.5, 8.5], "texture": "#white"},
				"west": {"uv": [7.25, 7.25, 8.25, 8.5], "texture": "#white"}
			}
		},
		{
			"from": [6.5, 6.5, 7.25],
			"to": [7, 7, 8.25],
			"faces": {
				"north": {"uv": [9, 9, 9.5, 9.5], "texture": "#white"},
				"east": {"uv": [7.75, 9, 8.75, 9.5], "texture": "#white"},
				"south": {"uv": [6.5, 9, 7, 9.5], "texture": "#white"},
				"west": {"uv": [7.25, 9, 8.25, 9.5], "texture": "#white"},
				"up": {"uv": [6.5, 7.25, 7, 8.25], "texture": "#white"},
				"down": {"uv": [6.5, 7.75, 7, 8.75], "texture": "#white"}
			}
		},
		{
			"from": [6.5, 7.5, 7.5],
			"to": [8.25, 8, 8],
			"faces": {
				"north": {"uv": [7.75, 8, 9.5, 8.5], "texture": "#white"},
				"east": {"uv": [8, 8, 8.5, 8.5], "texture": "#white"},
				"south": {"uv": [6.5, 8, 8.25, 8.5], "texture": "#white"},
				"up": {"uv": [6.5, 7.5, 8.25, 8], "texture": "#white"},
				"down": {"uv": [6.5, 8, 8.25, 8.5], "texture": "#white"}
			}
		},
		{
			"from": [6.5, 8, 7.5],
			"to": [8, 8.75, 8],
			"faces": {
				"north": {"uv": [8, 7.25, 9.5, 8], "texture": "#white"},
				"east": {"uv": [8, 7.25, 8.5, 8], "texture": "#white"},
				"south": {"uv": [6.5, 7.25, 8, 8], "texture": "#white"}
			}
		},
		{
			"from": [6.5, 8.5, 7.25],
			"to": [8, 8.75, 7.5],
			"faces": {
				"north": {"uv": [8, 7.25, 9.5, 7.5], "texture": "#white"},
				"east": {"uv": [8.5, 7.25, 8.75, 7.5], "texture": "#white"},
				"down": {"uv": [6.5, 8.5, 8, 8.75], "texture": "#white"}
			}
		},
		{
			"from": [6.5, 8.5, 8],
			"to": [8, 8.75, 8.25],
			"faces": {
				"east": {"uv": [7.75, 7.25, 8, 7.5], "texture": "#white"},
				"south": {"uv": [6.5, 7.25, 8, 7.5], "texture": "#white"},
				"down": {"uv": [6.5, 7.75, 8, 8], "texture": "#white"}
			}
		},
		{
			"from": [6.75, 6, 7.25],
			"to": [7.25, 6.5, 8.25],
			"faces": {
				"north": {"uv": [8.75, 9.5, 9.25, 10], "texture": "#white"},
				"east": {"uv": [7.75, 9.5, 8.75, 10], "texture": "#white"},
				"south": {"uv": [6.75, 9.5, 7.25, 10], "texture": "#white"},
				"west": {"uv": [7.25, 9.5, 8.25, 10], "texture": "#white"},
				"up": {"uv": [6.75, 7.25, 7.25, 8.25], "texture": "#white"},
				"down": {"uv": [6.75, 7.75, 7.25, 8.75], "texture": "#white"}
			}
		},
		{
			"from": [6.75, 7, 7.5],
			"to": [8.5, 7.5, 8],
			"faces": {
				"north": {"uv": [7.5, 8.5, 9.25, 9], "texture": "#white"},
				"east": {"uv": [8, 8.5, 8.5, 9], "texture": "#white"},
				"south": {"uv": [6.75, 8.5, 8.5, 9], "texture": "#white"},
				"up": {"uv": [6.75, 7.5, 8.5, 8], "texture": "#white"},
				"down": {"uv": [6.75, 8, 8.5, 8.5], "texture": "#white"}
			}
		},
		{
			"from": [6.75, 7.5, 7.25],
			"to": [7, 8.5, 7.5],
			"faces": {
				"north": {"uv": [9, 7.5, 9.25, 8.5], "texture": "#white"},
				"east": {"uv": [8.5, 7.5, 8.75, 8.5], "texture": "#white"},
				"south": {"uv": [6.75, 7.5, 7, 8.5], "texture": "#white"},
				"west": {"uv": [7.25, 7.5, 7.5, 8.5], "texture": "#white"},
				"down": {"uv": [6.75, 8.5, 7, 8.75], "texture": "#white"}
			}
		},
		{
			"from": [6.75, 7.5, 8],
			"to": [7, 8.5, 8.25],
			"faces": {
				"north": {"uv": [9, 7.5, 9.25, 8.5], "texture": "#white"},
				"east": {"uv": [7.75, 7.5, 8, 8.5], "texture": "#white"},
				"south": {"uv": [6.75, 7.5, 7, 8.5], "texture": "#white"},
				"west": {"uv": [8, 7.5, 8.25, 8.5], "texture": "#white"},
				"down": {"uv": [6.75, 7.75, 7, 8], "texture": "#white"}
			}
		},
		{
			"from": [6.75, 10, 7.25],
			"to": [8.5, 10.5, 7.5],
			"faces": {
				"north": {"uv": [7.5, 5.5, 9.75, 9], "texture": "#2"},
				"east": {"uv": [0, 0, 0, 0], "texture": "#2"},
				"south": {"uv": [0, 0, 0, 0], "texture": "#2"},
				"west": {"uv": [7.25, 5.5, 7.5, 6], "texture": "#2"},
				"up": {"uv": [0, 0, 0, 0], "texture": "#2"},
				"down": {"uv": [0, 0, 0, 0], "texture": "#2"}
			}
		},
		{
			"from": [6.75, 10, 7.5],
			"to": [10.75, 10.5, 8.5],
			"faces": {
				"north": {"uv": [5.25, 5.5, 9.25, 6], "texture": "#white"},
				"south": {"uv": [6.75, 5.5, 10.75, 6], "texture": "#white"},
				"west": {"uv": [7.5, 5.5, 8.5, 6], "texture": "#white"},
				"down": {"uv": [6.75, 7.5, 10.75, 8.5], "texture": "#white"}
			}
		},
		{
			"from": [7, 5.5, 7.25],
			"to": [7.5, 6, 8.25],
			"faces": {
				"north": {"uv": [8.5, 10, 9, 10.5], "texture": "#white"},
				"east": {"uv": [7.75, 10, 8.75, 10.5], "texture": "#white"},
				"south": {"uv": [7, 10, 7.5, 10.5], "texture": "#white"},
				"west": {"uv": [7.25, 10, 8.25, 10.5], "texture": "#white"},
				"up": {"uv": [7, 7.25, 7.5, 8.25], "texture": "#white"},
				"down": {"uv": [7, 7.75, 7.5, 8.75], "texture": "#white"}
			}
		},
		{
			"from": [7, 6.5, 7.5],
			"to": [8.75, 7, 8],
			"faces": {
				"north": {"uv": [7.25, 9, 9, 9.5], "texture": "#white"},
				"east": {"uv": [8, 9, 8.5, 9.5], "texture": "#white"},
				"south": {"uv": [7, 9, 8.75, 9.5], "texture": "#white"},
				"up": {"uv": [7, 7.5, 8.75, 8], "texture": "#white"},
				"down": {"uv": [7, 8, 8.75, 8.5], "texture": "#white"}
			}
		},
		{
			"from": [7, 7, 7.25],
			"to": [7.25, 7.5, 7.5],
			"faces": {
				"north": {"uv": [8.75, 8.5, 9, 9], "texture": "#white"},
				"east": {"uv": [8.5, 8.5, 8.75, 9], "texture": "#white"},
				"west": {"uv": [7.25, 8.5, 7.5, 9], "texture": "#white"},
				"up": {"uv": [7, 7.25, 7.25, 7.5], "texture": "#white"},
				"down": {"uv": [7, 8.5, 7.25, 8.75], "texture": "#white"}
			}
		},
		{
			"from": [7, 7, 8],
			"to": [7.25, 7.5, 8.25],
			"faces": {
				"east": {"uv": [7.75, 8.5, 8, 9], "texture": "#white"},
				"south": {"uv": [7, 8.5, 7.25, 9], "texture": "#white"},
				"west": {"uv": [8, 8.5, 8.25, 9], "texture": "#white"},
				"up": {"uv": [7, 8, 7.25, 8.25], "texture": "#white"},
				"down": {"uv": [7, 7.75, 7.25, 8], "texture": "#white"}
			}
		},
		{
			"from": [7.25, 5.25, 7.25],
			"to": [7.75, 5.5, 8.25],
			"faces": {
				"north": {"uv": [8.25, 10.5, 8.75, 10.75], "texture": "#white"},
				"east": {"uv": [7.75, 10.5, 8.75, 10.75], "texture": "#white"},
				"south": {"uv": [7.25, 10.5, 7.75, 10.75], "texture": "#white"},
				"west": {"uv": [7.25, 10.5, 8.25, 10.75], "texture": "#white"},
				"up": {"uv": [7.25, 7.25, 7.75, 8.25], "texture": "#white"},
				"down": {"uv": [7.25, 7.75, 7.75, 8.75], "texture": "#white"}
			}
		},
		{
			"from": [7.25, 6, 7.5],
			"to": [9, 6.5, 8],
			"faces": {
				"north": {"uv": [7, 9.5, 8.75, 10], "texture": "#white"},
				"east": {"uv": [8, 9.5, 8.5, 10], "texture": "#white"},
				"south": {"uv": [7.25, 9.5, 9, 10], "texture": "#white"},
				"up": {"uv": [7.25, 7.5, 9, 8], "texture": "#white"},
				"down": {"uv": [7.25, 8, 9, 8.5], "texture": "#white"}
			}
		},
		{
			"from": [7.25, 6.5, 7.25],
			"to": [7.5, 7, 7.5],
			"faces": {
				"north": {"uv": [8.5, 9, 8.75, 9.5], "texture": "#white"},
				"east": {"uv": [8.5, 9, 8.75, 9.5], "texture": "#white"},
				"west": {"uv": [7.25, 9, 7.5, 9.5], "texture": "#white"},
				"up": {"uv": [7.25, 7.25, 7.5, 7.5], "texture": "#white"},
				"down": {"uv": [7.25, 8.5, 7.5, 8.75], "texture": "#white"}
			}
		},
		{
			"from": [7.25, 6.5, 8],
			"to": [7.5, 7, 8.25],
			"faces": {
				"east": {"uv": [7.75, 9, 8, 9.5], "texture": "#white"},
				"south": {"uv": [7.25, 9, 7.5, 9.5], "texture": "#white"},
				"west": {"uv": [8, 9, 8.25, 9.5], "texture": "#white"},
				"up": {"uv": [7.25, 8, 7.5, 8.25], "texture": "#white"},
				"down": {"uv": [7.25, 7.75, 7.5, 8], "texture": "#white"}
			}
		},
		{
			"from": [7.25, 7.5, 7.25],
			"to": [7.5, 8.5, 7.5],
			"faces": {
				"north": {"uv": [8.5, 7.5, 8.75, 8.5], "texture": "#white"},
				"east": {"uv": [8.5, 7.5, 8.75, 8.5], "texture": "#white"},
				"south": {"uv": [7.25, 7.5, 7.5, 8.5], "texture": "#white"},
				"west": {"uv": [7.25, 7.5, 7.5, 8.5], "texture": "#white"},
				"down": {"uv": [7.25, 8.5, 7.5, 8.75], "texture": "#white"}
			}
		},
		{
			"from": [7.25, 7.5, 8],
			"to": [7.5, 8.5, 8.25],
			"faces": {
				"north": {"uv": [8.5, 7.5, 8.75, 8.5], "texture": "#white"},
				"east": {"uv": [7.75, 7.5, 8, 8.5], "texture": "#white"},
				"south": {"uv": [7.25, 7.5, 7.5, 8.5], "texture": "#white"},
				"west": {"uv": [8, 7.5, 8.25, 8.5], "texture": "#white"},
				"down": {"uv": [7.25, 7.75, 7.5, 8], "texture": "#white"}
			}
		},
		{
			"from": [7.5, 5, 7.25],
			"to": [8, 5.25, 8.25],
			"faces": {
				"north": {"uv": [8, 10.75, 8.5, 11], "texture": "#white"},
				"east": {"uv": [7.75, 10.75, 8.75, 11], "texture": "#white"},
				"south": {"uv": [7.5, 10.75, 8, 11], "texture": "#white"},
				"west": {"uv": [7.25, 10.75, 8.25, 11], "texture": "#white"},
				"up": {"uv": [7.5, 7.25, 8, 8.25], "texture": "#white"},
				"down": {"uv": [7.5, 7.75, 8, 8.75], "texture": "#white"}
			}
		},
		{
			"from": [7.5, 5.5, 7.5],
			"to": [9.5, 5.75, 8],
			"faces": {
				"north": {"uv": [6.5, 10.25, 8.5, 10.5], "texture": "#white"},
				"east": {"uv": [8, 10.25, 8.5, 10.5], "texture": "#white"},
				"south": {"uv": [7.5, 10.25, 9.5, 10.5], "texture": "#white"},
				"up": {"uv": [7.5, 7.5, 9.5, 8], "texture": "#white"},
				"down": {"uv": [7.5, 8, 9.5, 8.5], "texture": "#white"}
			}
		},
		{
			"from": [7.5, 5.75, 7.5],
			"to": [9.25, 6, 8],
			"faces": {
				"north": {"uv": [6.75, 10, 8.5, 10.25], "texture": "#white"},
				"east": {"uv": [8, 10, 8.5, 10.25], "texture": "#white"},
				"south": {"uv": [7.5, 10, 9.25, 10.25], "texture": "#white"},
				"up": {"uv": [7.5, 7.5, 9.25, 8], "texture": "#white"}
			}
		},
		{
			"from": [7.5, 6, 7.25],
			"to": [7.75, 6.5, 7.5],
			"faces": {
				"north": {"uv": [8.25, 9.5, 8.5, 10], "texture": "#white"},
				"east": {"uv": [8.5, 9.5, 8.75, 10], "texture": "#white"},
				"west": {"uv": [7.25, 9.5, 7.5, 10], "texture": "#white"},
				"up": {"uv": [7.5, 7.25, 7.75, 7.5], "texture": "#white"},
				"down": {"uv": [7.5, 8.5, 7.75, 8.75], "texture": "#white"}
			}
		},
		{
			"from": [7.5, 6, 8],
			"to": [7.75, 6.5, 8.25],
			"faces": {
				"east": {"uv": [7.75, 9.5, 8, 10], "texture": "#white"},
				"south": {"uv": [7.5, 9.5, 7.75, 10], "texture": "#white"},
				"west": {"uv": [8, 9.5, 8.25, 10], "texture": "#white"},
				"up": {"uv": [7.5, 8, 7.75, 8.25], "texture": "#white"},
				"down": {"uv": [7.5, 7.75, 7.75, 8], "texture": "#white"}
			}
		},
		{
			"from": [7.5, 7, 7.25],
			"to": [7.75, 7.5, 7.5],
			"faces": {
				"north": {"uv": [8.25, 8.5, 8.5, 9], "texture": "#white"},
				"east": {"uv": [8.5, 8.5, 8.75, 9], "texture": "#white"},
				"west": {"uv": [7.25, 8.5, 7.5, 9], "texture": "#white"},
				"up": {"uv": [7.5, 7.25, 7.75, 7.5], "texture": "#white"},
				"down": {"uv": [7.5, 8.5, 7.75, 8.75], "texture": "#white"}
			}
		},
		{
			"from": [7.5, 7, 8],
			"to": [7.75, 7.5, 8.25],
			"faces": {
				"east": {"uv": [7.75, 8.5, 8, 9], "texture": "#white"},
				"south": {"uv": [7.5, 8.5, 7.75, 9], "texture": "#white"},
				"west": {"uv": [8, 8.5, 8.25, 9], "texture": "#white"},
				"up": {"uv": [7.5, 8, 7.75, 8.25], "texture": "#white"},
				"down": {"uv": [7.5, 7.75, 7.75, 8], "texture": "#white"}
			}
		},
		{
			"from": [7.75, 4.5, 7.25],
			"to": [8.5, 4.75, 8.25],
			"faces": {
				"north": {"uv": [7.5, 11.25, 8.25, 11.5], "texture": "#white"},
				"east": {"uv": [7.75, 11.25, 8.75, 11.5], "texture": "#white"},
				"south": {"uv": [7.75, 11.25, 8.5, 11.5], "texture": "#white"},
				"west": {"uv": [7.25, 11.25, 8.25, 11.5], "texture": "#white"},
				"up": {"uv": [7.75, 7.25, 8.5, 8.25], "texture": "#white"},
				"down": {"uv": [7.75, 7.75, 8.5, 8.75], "texture": "#white"}
			}
		},
		{
			"from": [7.75, 4.75, 7.25],
			"to": [8.25, 5, 8.25],
			"faces": {
				"north": {"uv": [7.75, 11, 8.25, 11.25], "texture": "#white"},
				"east": {"uv": [7.75, 11, 8.75, 11.25], "texture": "#white"},
				"south": {"uv": [7.75, 11, 8.25, 11.25], "texture": "#white"},
				"west": {"uv": [7.25, 11, 8.25, 11.25], "texture": "#white"},
				"up": {"uv": [7.75, 7.25, 8.25, 8.25], "texture": "#white"}
			}
		},
		{
			"from": [7.75, 5.25, 7.5],
			"to": [9.75, 5.5, 8],
			"faces": {
				"north": {"uv": [6.25, 10.5, 8.25, 10.75], "texture": "#white"},
				"east": {"uv": [8, 10.5, 8.5, 10.75], "texture": "#white"},
				"south": {"uv": [7.75, 10.5, 9.75, 10.75], "texture": "#white"},
				"up": {"uv": [7.75, 7.5, 9.75, 8], "texture": "#white"},
				"down": {"uv": [7.75, 8, 9.75, 8.5], "texture": "#white"}
			}
		},
		{
			"from": [7.75, 5.5, 7.25],
			"to": [8, 6, 7.5],
			"faces": {
				"north": {"uv": [8, 10, 8.25, 10.5], "texture": "#white"},
				"east": {"uv": [8.5, 10, 8.75, 10.5], "texture": "#white"},
				"south": {"uv": [7.75, 10, 8, 10.5], "texture": "#white"},
				"west": {"uv": [7.25, 10, 7.5, 10.5], "texture": "#white"},
				"up": {"uv": [7.75, 7.25, 8, 7.5], "texture": "#white"},
				"down": {"uv": [7.75, 8.5, 8, 8.75], "texture": "#white"}
			}
		},
		{
			"from": [7.75, 5.5, 8],
			"to": [8, 6, 8.25],
			"faces": {
				"north": {"uv": [8, 10, 8.25, 10.5], "texture": "#white"},
				"east": {"uv": [7.75, 10, 8, 10.5], "texture": "#white"},
				"south": {"uv": [7.75, 10, 8, 10.5], "texture": "#white"},
				"west": {"uv": [8, 10, 8.25, 10.5], "texture": "#white"},
				"up": {"uv": [7.75, 8, 8, 8.25], "texture": "#white"},
				"down": {"uv": [7.75, 7.75, 8, 8], "texture": "#white"}
			}
		},
		{
			"from": [7.75, 6.5, 7.25],
			"to": [8, 7, 7.5],
			"faces": {
				"north": {"uv": [8, 9, 8.25, 9.5], "texture": "#white"},
				"east": {"uv": [8.5, 9, 8.75, 9.5], "texture": "#white"},
				"west": {"uv": [7.25, 9, 7.5, 9.5], "texture": "#white"},
				"up": {"uv": [7.75, 7.25, 8, 7.5], "texture": "#white"},
				"down": {"uv": [7.75, 8.5, 8, 8.75], "texture": "#white"}
			}
		},
		{
			"from": [7.75, 6.5, 8],
			"to": [8, 7, 8.25],
			"faces": {
				"east": {"uv": [7.75, 9, 8, 9.5], "texture": "#white"},
				"south": {"uv": [7.75, 9, 8, 9.5], "texture": "#white"},
				"west": {"uv": [8, 9, 8.25, 9.5], "texture": "#white"},
				"up": {"uv": [7.75, 8, 8, 8.25], "texture": "#white"},
				"down": {"uv": [7.75, 7.75, 8, 8], "texture": "#white"}
			}
		},
		{
			"from": [7.75, 7.5, 7.25],
			"to": [8.25, 8, 7.5],
			"faces": {
				"north": {"uv": [7.75, 8, 8.25, 8.5], "texture": "#white"},
				"east": {"uv": [8.5, 8, 8.75, 8.5], "texture": "#white"},
				"west": {"uv": [7.25, 8, 7.5, 8.5], "texture": "#white"},
				"up": {"uv": [7.75, 7.25, 8.25, 7.5], "texture": "#white"},
				"down": {"uv": [7.75, 8.5, 8.25, 8.75], "texture": "#white"}
			}
		},
		{
			"from": [7.75, 7.5, 8],
			"to": [8.25, 8, 8.25],
			"faces": {
				"east": {"uv": [7.75, 8, 8, 8.5], "texture": "#white"},
				"south": {"uv": [7.75, 8, 8.25, 8.5], "texture": "#white"},
				"west": {"uv": [8, 8, 8.25, 8.5], "texture": "#white"},
				"up": {"uv": [7.75, 8, 8.25, 8.25], "texture": "#white"},
				"down": {"uv": [7.75, 7.75, 8.25, 8], "texture": "#white"}
			}
		},
		{
			"from": [7.75, 8, 7.25],
			"to": [8, 8.5, 7.5],
			"faces": {
				"north": {"uv": [8, 7.5, 8.25, 8], "texture": "#white"},
				"east": {"uv": [8.5, 7.5, 8.75, 8], "texture": "#white"},
				"west": {"uv": [7.25, 7.5, 7.5, 8], "texture": "#white"}
			}
		},
		{
			"from": [7.75, 8, 8],
			"to": [8, 8.5, 8.25],
			"faces": {
				"east": {"uv": [7.75, 7.5, 8, 8], "texture": "#white"},
				"south": {"uv": [7.75, 7.5, 8, 8], "texture": "#white"},
				"west": {"uv": [8, 7.5, 8.25, 8], "texture": "#white"}
			}
		},
		{
			"from": [8, 4.25, 7.25],
			"to": [8.75, 4.5, 8.25],
			"faces": {
				"north": {"uv": [7.25, 11.5, 8, 11.75], "texture": "#white"},
				"east": {"uv": [7.75, 11.5, 8.75, 11.75], "texture": "#white"},
				"south": {"uv": [8, 11.5, 8.75, 11.75], "texture": "#white"},
				"west": {"uv": [7.25, 11.5, 8.25, 11.75], "texture": "#white"},
				"up": {"uv": [8, 7.25, 8.75, 8.25], "texture": "#white"},
				"down": {"uv": [8, 7.75, 8.75, 8.75], "texture": "#white"}
			}
		},
		{
			"from": [8, 5, 7.5],
			"to": [10, 5.25, 8],
			"faces": {
				"north": {"uv": [6, 10.75, 8, 11], "texture": "#white"},
				"east": {"uv": [8, 10.75, 8.5, 11], "texture": "#white"},
				"south": {"uv": [8, 10.75, 10, 11], "texture": "#white"},
				"up": {"uv": [8, 7.5, 10, 8], "texture": "#white"},
				"down": {"uv": [8, 8, 10, 8.5], "texture": "#white"}
			}
		},
		{
			"from": [8, 5.25, 7.25],
			"to": [8.25, 5.5, 7.5],
			"faces": {
				"north": {"uv": [7.75, 10.5, 8, 10.75], "texture": "#white"},
				"east": {"uv": [8.5, 10.5, 8.75, 10.75], "texture": "#white"},
				"west": {"uv": [7.25, 10.5, 7.5, 10.75], "texture": "#white"},
				"up": {"uv": [8, 7.25, 8.25, 7.5], "texture": "#white"},
				"down": {"uv": [8, 8.5, 8.25, 8.75], "texture": "#white"}
			}
		},
		{
			"from": [8, 5.25, 8],
			"to": [8.25, 5.5, 8.25],
			"faces": {
				"east": {"uv": [7.75, 10.5, 8, 10.75], "texture": "#white"},
				"south": {"uv": [8, 10.5, 8.25, 10.75], "texture": "#white"},
				"west": {"uv": [8, 10.5, 8.25, 10.75], "texture": "#white"},
				"up": {"uv": [8, 8, 8.25, 8.25], "texture": "#white"},
				"down": {"uv": [8, 7.75, 8.25, 8], "texture": "#white"}
			}
		},
		{
			"from": [8, 6, 7.25],
			"to": [8.25, 6.5, 7.5],
			"faces": {
				"north": {"uv": [7.75, 9.5, 8, 10], "texture": "#white"},
				"east": {"uv": [8.5, 9.5, 8.75, 10], "texture": "#white"},
				"west": {"uv": [7.25, 9.5, 7.5, 10], "texture": "#white"},
				"up": {"uv": [8, 7.25, 8.25, 7.5], "texture": "#white"},
				"down": {"uv": [8, 8.5, 8.25, 8.75], "texture": "#white"}
			}
		},
		{
			"from": [8, 6, 8],
			"to": [8.25, 6.5, 8.25],
			"faces": {
				"east": {"uv": [7.75, 9.5, 8, 10], "texture": "#white"},
				"south": {"uv": [8, 9.5, 8.25, 10], "texture": "#white"},
				"west": {"uv": [8, 9.5, 8.25, 10], "texture": "#white"},
				"up": {"uv": [8, 8, 8.25, 8.25], "texture": "#white"},
				"down": {"uv": [8, 7.75, 8.25, 8], "texture": "#white"}
			}
		},
		{
			"from": [8, 7, 7.25],
			"to": [8.5, 7.5, 7.5],
			"faces": {
				"north": {"uv": [7.5, 8.5, 8, 9], "texture": "#white"},
				"east": {"uv": [8.5, 8.5, 8.75, 9], "texture": "#white"},
				"west": {"uv": [7.25, 8.5, 7.5, 9], "texture": "#white"},
				"up": {"uv": [8, 7.25, 8.5, 7.5], "texture": "#white"},
				"down": {"uv": [8, 8.5, 8.5, 8.75], "texture": "#white"}
			}
		},
		{
			"from": [8, 7, 8],
			"to": [8.5, 7.5, 8.25],
			"faces": {
				"east": {"uv": [7.75, 8.5, 8, 9], "texture": "#white"},
				"south": {"uv": [8, 8.5, 8.5, 9], "texture": "#white"},
				"west": {"uv": [8, 8.5, 8.25, 9], "texture": "#white"},
				"up": {"uv": [8, 8, 8.5, 8.25], "texture": "#white"},
				"down": {"uv": [8, 7.75, 8.5, 8], "texture": "#white"}
			}
		},
		{
			"from": [8.25, 4, 7.25],
			"to": [9.5, 4.25, 8.25],
			"faces": {
				"north": {"uv": [6.5, 11.75, 7.75, 12], "texture": "#white"},
				"east": {"uv": [7.75, 11.75, 8.75, 12], "texture": "#white"},
				"south": {"uv": [8.25, 11.75, 9.5, 12], "texture": "#white"},
				"west": {"uv": [7.25, 11.75, 8.25, 12], "texture": "#white"},
				"up": {"uv": [8.25, 7.25, 9.5, 8.25], "texture": "#white"},
				"down": {"uv": [8.25, 7.75, 9.5, 8.75], "texture": "#white"}
			}
		},
		{
			"from": [8.25, 4.75, 7.5],
			"to": [10, 5, 8],
			"faces": {
				"north": {"uv": [6, 11, 7.75, 11.25], "texture": "#white"},
				"east": {"uv": [8, 11, 8.5, 11.25], "texture": "#white"},
				"south": {"uv": [8.25, 11, 10, 11.25], "texture": "#white"},
				"down": {"uv": [8.25, 8, 10, 8.5], "texture": "#white"}
			}
		},
		{
			"from": [8.25, 5, 7.25],
			"to": [8.5, 5.25, 7.5],
			"faces": {
				"north": {"uv": [7.5, 10.75, 7.75, 11], "texture": "#white"},
				"east": {"uv": [8.5, 10.75, 8.75, 11], "texture": "#white"},
				"west": {"uv": [7.25, 10.75, 7.5, 11], "texture": "#white"},
				"up": {"uv": [8.25, 7.25, 8.5, 7.5], "texture": "#white"},
				"down": {"uv": [8.25, 8.5, 8.5, 8.75], "texture": "#white"}
			}
		},
		{
			"from": [8.25, 5, 8],
			"to": [8.5, 5.25, 8.25],
			"faces": {
				"east": {"uv": [7.75, 10.75, 8, 11], "texture": "#white"},
				"south": {"uv": [8.25, 10.75, 8.5, 11], "texture": "#white"},
				"west": {"uv": [8, 10.75, 8.25, 11], "texture": "#white"},
				"up": {"uv": [8.25, 8, 8.5, 8.25], "texture": "#white"},
				"down": {"uv": [8.25, 7.75, 8.5, 8], "texture": "#white"}
			}
		},
		{
			"from": [8.25, 5.5, 7.25],
			"to": [8.5, 6, 7.5],
			"faces": {
				"north": {"uv": [7.5, 10, 7.75, 10.5], "texture": "#white"},
				"east": {"uv": [8.5, 10, 8.75, 10.5], "texture": "#white"},
				"south": {"uv": [8.25, 10, 8.5, 10.5], "texture": "#white"},
				"west": {"uv": [7.25, 10, 7.5, 10.5], "texture": "#white"},
				"up": {"uv": [8.25, 7.25, 8.5, 7.5], "texture": "#white"},
				"down": {"uv": [8.25, 8.5, 8.5, 8.75], "texture": "#white"}
			}
		},
		{
			"from": [8.25, 5.5, 8],
			"to": [8.5, 6, 8.25],
			"faces": {
				"north": {"uv": [7.5, 10, 7.75, 10.5], "texture": "#white"},
				"east": {"uv": [7.75, 10, 8, 10.5], "texture": "#white"},
				"south": {"uv": [8.25, 10, 8.5, 10.5], "texture": "#white"},
				"west": {"uv": [8, 10, 8.25, 10.5], "texture": "#white"},
				"up": {"uv": [8.25, 8, 8.5, 8.25], "texture": "#white"},
				"down": {"uv": [8.25, 7.75, 8.5, 8], "texture": "#white"}
			}
		},
		{
			"from": [8.25, 6.5, 7.25],
			"to": [8.75, 7, 7.5],
			"faces": {
				"north": {"uv": [7.25, 9, 7.75, 9.5], "texture": "#white"},
				"east": {"uv": [8.5, 9, 8.75, 9.5], "texture": "#white"},
				"west": {"uv": [7.25, 9, 7.5, 9.5], "texture": "#white"},
				"up": {"uv": [8.25, 7.25, 8.75, 7.5], "texture": "#white"},
				"down": {"uv": [8.25, 8.5, 8.75, 8.75], "texture": "#white"}
			}
		},
		{
			"from": [8.25, 6.5, 8],
			"to": [8.75, 7, 8.25],
			"faces": {
				"east": {"uv": [7.75, 9, 8, 9.5], "texture": "#white"},
				"south": {"uv": [8.25, 9, 8.75, 9.5], "texture": "#white"},
				"west": {"uv": [8, 9, 8.25, 9.5], "texture": "#white"},
				"up": {"uv": [8.25, 8, 8.75, 8.25], "texture": "#white"},
				"down": {"uv": [8.25, 7.75, 8.75, 8], "texture": "#white"}
			}
		},
		{
			"from": [8.5, 3.5, 7.25],
			"to": [9.25, 4, 8.25],
			"faces": {
				"north": {"uv": [6.75, 12, 7.5, 12.5], "texture": "#white"},
				"east": {"uv": [7.75, 12, 8.75, 12.5], "texture": "#white"},
				"south": {"uv": [8.5, 12, 9.25, 12.5], "texture": "#white"},
				"west": {"uv": [7.25, 12, 8.25, 12.5], "texture": "#white"},
				"down": {"uv": [8.5, 7.75, 9.25, 8.75], "texture": "#white"}
			}
		},
		{
			"from": [8.5, 4.5, 7.5],
			"to": [9.75, 4.75, 8],
			"faces": {
				"north": {"uv": [6.25, 11.25, 7.5, 11.5], "texture": "#white"},
				"east": {"uv": [8, 11.25, 8.5, 11.5], "texture": "#white"},
				"south": {"uv": [8.5, 11.25, 9.75, 11.5], "texture": "#white"},
				"down": {"uv": [8.5, 8, 9.75, 8.5], "texture": "#white"}
			}
		},
		{
			"from": [8.5, 4.75, 7.25],
			"to": [8.75, 5, 7.5],
			"faces": {
				"north": {"uv": [7.25, 11, 7.5, 11.25], "texture": "#white"},
				"east": {"uv": [8.5, 11, 8.75, 11.25], "texture": "#white"},
				"west": {"uv": [7.25, 11, 7.5, 11.25], "texture": "#white"},
				"up": {"uv": [8.5, 7.25, 8.75, 7.5], "texture": "#white"},
				"down": {"uv": [8.5, 8.5, 8.75, 8.75], "texture": "#white"}
			}
		},
		{
			"from": [8.5, 4.75, 8],
			"to": [8.75, 5, 8.25],
			"faces": {
				"east": {"uv": [7.75, 11, 8, 11.25], "texture": "#white"},
				"south": {"uv": [8.5, 11, 8.75, 11.25], "texture": "#white"},
				"west": {"uv": [8, 11, 8.25, 11.25], "texture": "#white"},
				"up": {"uv": [8.5, 8, 8.75, 8.25], "texture": "#white"},
				"down": {"uv": [8.5, 7.75, 8.75, 8], "texture": "#white"}
			}
		},
		{
			"from": [8.5, 5.25, 7.25],
			"to": [8.75, 5.5, 7.5],
			"faces": {
				"north": {"uv": [7.25, 10.5, 7.5, 10.75], "texture": "#white"},
				"east": {"uv": [8.5, 10.5, 8.75, 10.75], "texture": "#white"},
				"west": {"uv": [7.25, 10.5, 7.5, 10.75], "texture": "#white"},
				"up": {"uv": [8.5, 7.25, 8.75, 7.5], "texture": "#white"},
				"down": {"uv": [8.5, 8.5, 8.75, 8.75], "texture": "#white"}
			}
		},
		{
			"from": [8.5, 5.25, 8],
			"to": [8.75, 5.5, 8.25],
			"faces": {
				"east": {"uv": [7.75, 10.5, 8, 10.75], "texture": "#white"},
				"south": {"uv": [8.5, 10.5, 8.75, 10.75], "texture": "#white"},
				"west": {"uv": [8, 10.5, 8.25, 10.75], "texture": "#white"},
				"up": {"uv": [8.5, 8, 8.75, 8.25], "texture": "#white"},
				"down": {"uv": [8.5, 7.75, 8.75, 8], "texture": "#white"}
			}
		},
		{
			"from": [8.5, 6, 7.25],
			"to": [9, 6.5, 7.5],
			"faces": {
				"north": {"uv": [7, 9.5, 7.5, 10], "texture": "#white"},
				"east": {"uv": [8.5, 9.5, 8.75, 10], "texture": "#white"},
				"west": {"uv": [7.25, 9.5, 7.5, 10], "texture": "#white"},
				"up": {"uv": [8.5, 7.25, 9, 7.5], "texture": "#white"},
				"down": {"uv": [8.5, 8.5, 9, 8.75], "texture": "#white"}
			}
		},
		{
			"from": [8.5, 6, 8],
			"to": [9, 6.5, 8.25],
			"faces": {
				"east": {"uv": [7.75, 9.5, 8, 10], "texture": "#white"},
				"south": {"uv": [8.5, 9.5, 9, 10], "texture": "#white"},
				"west": {"uv": [8, 9.5, 8.25, 10], "texture": "#white"},
				"up": {"uv": [8.5, 8, 9, 8.25], "texture": "#white"},
				"down": {"uv": [8.5, 7.75, 9, 8], "texture": "#white"}
			}
		},
		{
			"from": [8.5, 10, 7],
			"to": [10.75, 10.5, 7.25],
			"faces": {
				"north": {"uv": [5.25, 5.5, 7.5, 6], "texture": "#white"},
				"south": {"uv": [8.5, 5.5, 10.75, 6], "texture": "#white"},
				"west": {"uv": [7, 5.5, 7.25, 6], "texture": "#white"},
				"down": {"uv": [8.5, 8.75, 10.75, 9], "texture": "#white"}
			}
		},
		{
			"from": [8.5, 10, 7.25],
			"to": [9.5, 10.5, 7.5],
			"faces": {
				"east": {"uv": [8.5, 5.5, 8.75, 6], "texture": "#white"}
			}
		},
		{
			"from": [8.75, 3.25, 7.25],
			"to": [9, 3.5, 8.25],
			"faces": {
				"north": {"uv": [7, 12.5, 7.25, 12.75], "texture": "#white"},
				"east": {"uv": [7.75, 12.5, 8.75, 12.75], "texture": "#white"},
				"south": {"uv": [8.75, 12.5, 9, 12.75], "texture": "#white"},
				"west": {"uv": [7.25, 12.5, 8.25, 12.75], "texture": "#white"},
				"down": {"uv": [8.75, 7.75, 9, 8.75], "texture": "#white"}
			}
		},
		{
			"from": [8.75, 4.25, 7.5],
			"to": [9.75, 4.5, 8],
			"faces": {
				"north": {"uv": [6.25, 11.5, 7.25, 11.75], "texture": "#white"},
				"east": {"uv": [8, 11.5, 8.5, 11.75], "texture": "#white"},
				"south": {"uv": [8.75, 11.5, 9.75, 11.75], "texture": "#white"},
				"down": {"uv": [8.75, 8, 9.75, 8.5], "texture": "#white"}
			}
		},
		{
			"from": [8.75, 4.5, 7.25],
			"to": [9, 4.75, 7.5],
			"faces": {
				"north": {"uv": [7, 11.25, 7.25, 11.5], "texture": "#white"},
				"east": {"uv": [8.5, 11.25, 8.75, 11.5], "texture": "#white"},
				"west": {"uv": [7.25, 11.25, 7.5, 11.5], "texture": "#white"},
				"up": {"uv": [8.75, 7.25, 9, 7.5], "texture": "#white"},
				"down": {"uv": [8.75, 8.5, 9, 8.75], "texture": "#white"}
			}
		},
		{
			"from": [8.75, 4.5, 8],
			"to": [9, 4.75, 8.25],
			"faces": {
				"east": {"uv": [7.75, 11.25, 8, 11.5], "texture": "#white"},
				"south": {"uv": [8.75, 11.25, 9, 11.5], "texture": "#white"},
				"west": {"uv": [8, 11.25, 8.25, 11.5], "texture": "#white"},
				"up": {"uv": [8.75, 8, 9, 8.25], "texture": "#white"},
				"down": {"uv": [8.75, 7.75, 9, 8], "texture": "#white"}
			}
		},
		{
			"from": [8.75, 5, 7.25],
			"to": [9, 5.25, 7.5],
			"faces": {
				"north": {"uv": [7, 10.75, 7.25, 11], "texture": "#white"},
				"east": {"uv": [8.5, 10.75, 8.75, 11], "texture": "#white"},
				"west": {"uv": [7.25, 10.75, 7.5, 11], "texture": "#white"},
				"up": {"uv": [8.75, 7.25, 9, 7.5], "texture": "#white"},
				"down": {"uv": [8.75, 8.5, 9, 8.75], "texture": "#white"}
			}
		},
		{
			"from": [8.75, 5, 8],
			"to": [9, 5.25, 8.25],
			"faces": {
				"east": {"uv": [7.75, 10.75, 8, 11], "texture": "#white"},
				"south": {"uv": [8.75, 10.75, 9, 11], "texture": "#white"},
				"west": {"uv": [8, 10.75, 8.25, 11], "texture": "#white"},
				"up": {"uv": [8.75, 8, 9, 8.25], "texture": "#white"},
				"down": {"uv": [8.75, 7.75, 9, 8], "texture": "#white"}
			}
		},
		{
			"from": [8.75, 5.5, 7.25],
			"to": [9.5, 5.75, 7.5],
			"faces": {
				"north": {"uv": [6.5, 10.25, 7.25, 10.5], "texture": "#white"},
				"east": {"uv": [8.5, 10.25, 8.75, 10.5], "texture": "#white"},
				"west": {"uv": [7.25, 10.25, 7.5, 10.5], "texture": "#white"},
				"up": {"uv": [8.75, 7.25, 9.5, 7.5], "texture": "#white"},
				"down": {"uv": [8.75, 8.5, 9.5, 8.75], "texture": "#white"}
			}
		},
		{
			"from": [8.75, 5.5, 8],
			"to": [9.5, 5.75, 8.25],
			"faces": {
				"east": {"uv": [7.75, 10.25, 8, 10.5], "texture": "#white"},
				"south": {"uv": [8.75, 10.25, 9.5, 10.5], "texture": "#white"},
				"west": {"uv": [8, 10.25, 8.25, 10.5], "texture": "#white"},
				"up": {"uv": [8.75, 8, 9.5, 8.25], "texture": "#white"},
				"down": {"uv": [8.75, 7.75, 9.5, 8], "texture": "#white"}
			}
		},
		{
			"from": [8.75, 5.75, 7.25],
			"to": [9.25, 6, 7.5],
			"faces": {
				"north": {"uv": [6.75, 10, 7.25, 10.25], "texture": "#white"},
				"east": {"uv": [8.5, 10, 8.75, 10.25], "texture": "#white"},
				"west": {"uv": [7.25, 10, 7.5, 10.25], "texture": "#white"},
				"up": {"uv": [8.75, 7.25, 9.25, 7.5], "texture": "#white"}
			}
		},
		{
			"from": [8.75, 5.75, 8],
			"to": [9.25, 6, 8.25],
			"faces": {
				"east": {"uv": [7.75, 10, 8, 10.25], "texture": "#white"},
				"south": {"uv": [8.75, 10, 9.25, 10.25], "texture": "#white"},
				"west": {"uv": [8, 10, 8.25, 10.25], "texture": "#white"},
				"up": {"uv": [8.75, 8, 9.25, 8.25], "texture": "#white"}
			}
		},
		{
			"from": [8.75, 11, 7.5],
			"to": [10.75, 11.25, 8],
			"faces": {
				"north": {"uv": [5.25, 4.75, 7.25, 5], "texture": "#white"},
				"south": {"uv": [8.75, 4.75, 10.75, 5], "texture": "#white"},
				"west": {"uv": [7.5, 4.75, 8, 5], "texture": "#white"},
				"up": {"uv": [8.75, 7.5, 10.75, 8], "texture": "#white"}
			}
		},
		{
			"from": [8.75, 11.25, 7.5],
			"to": [9, 11.5, 8],
			"faces": {
				"north": {"uv": [7, 4.5, 7.25, 4.75], "texture": "#white"},
				"east": {"uv": [8, 4.5, 8.5, 4.75], "texture": "#white"},
				"south": {"uv": [8.75, 4.5, 9, 4.75], "texture": "#white"},
				"west": {"uv": [7.5, 4.5, 8, 4.75], "texture": "#white"},
				"up": {"uv": [8.75, 7.5, 9, 8], "texture": "#white"}
			}
		},
		{
			"from": [9, 4.25, 7.25],
			"to": [9.75, 4.5, 7.5],
			"faces": {
				"north": {"uv": [6.25, 11.5, 7, 11.75], "texture": "#white"},
				"east": {"uv": [8.5, 11.5, 8.75, 11.75], "texture": "#white"},
				"west": {"uv": [7.25, 11.5, 7.5, 11.75], "texture": "#white"},
				"up": {"uv": [9, 7.25, 9.75, 7.5], "texture": "#white"},
				"down": {"uv": [9, 8.5, 9.75, 8.75], "texture": "#white"}
			}
		},
		{
			"from": [9, 4.25, 8],
			"to": [9.75, 4.5, 8.25],
			"faces": {
				"east": {"uv": [7.75, 11.5, 8, 11.75], "texture": "#white"},
				"south": {"uv": [9, 11.5, 9.75, 11.75], "texture": "#white"},
				"west": {"uv": [8, 11.5, 8.25, 11.75], "texture": "#white"},
				"up": {"uv": [9, 8, 9.75, 8.25], "texture": "#white"},
				"down": {"uv": [9, 7.75, 9.75, 8], "texture": "#white"}
			}
		},
		{
			"from": [9, 4.75, 7.25],
			"to": [9.25, 5, 7.5],
			"faces": {
				"north": {"uv": [6.75, 11, 7, 11.25], "texture": "#white"},
				"east": {"uv": [8.5, 11, 8.75, 11.25], "texture": "#white"},
				"west": {"uv": [7.25, 11, 7.5, 11.25], "texture": "#white"},
				"up": {"uv": [9, 7.25, 9.25, 7.5], "texture": "#white"},
				"down": {"uv": [9, 8.5, 9.25, 8.75], "texture": "#white"}
			}
		},
		{
			"from": [9, 4.75, 8],
			"to": [9.25, 5, 8.25],
			"faces": {
				"east": {"uv": [7.75, 11, 8, 11.25], "texture": "#white"},
				"south": {"uv": [9, 11, 9.25, 11.25], "texture": "#white"},
				"west": {"uv": [8, 11, 8.25, 11.25], "texture": "#white"},
				"up": {"uv": [9, 8, 9.25, 8.25], "texture": "#white"},
				"down": {"uv": [9, 7.75, 9.25, 8], "texture": "#white"}
			}
		},
		{
			"from": [9, 5.25, 7.25],
			"to": [9.75, 5.5, 7.5],
			"faces": {
				"north": {"uv": [6.25, 10.5, 7, 10.75], "texture": "#white"},
				"east": {"uv": [8.5, 10.5, 8.75, 10.75], "texture": "#white"},
				"west": {"uv": [7.25, 10.5, 7.5, 10.75], "texture": "#white"},
				"up": {"uv": [9, 7.25, 9.75, 7.5], "texture": "#white"},
				"down": {"uv": [9, 8.5, 9.75, 8.75], "texture": "#white"}
			}
		},
		{
			"from": [9, 5.25, 8],
			"to": [9.75, 5.5, 8.25],
			"faces": {
				"east": {"uv": [7.75, 10.5, 8, 10.75], "texture": "#white"},
				"south": {"uv": [9, 10.5, 9.75, 10.75], "texture": "#white"},
				"west": {"uv": [8, 10.5, 8.25, 10.75], "texture": "#white"},
				"up": {"uv": [9, 8, 9.75, 8.25], "texture": "#white"},
				"down": {"uv": [9, 7.75, 9.75, 8], "texture": "#white"}
			}
		},
		{
			"from": [9.25, 3.75, 7.25],
			"to": [9.5, 4, 8.25],
			"faces": {
				"north": {"uv": [6.5, 12, 6.75, 12.25], "texture": "#white"},
				"east": {"uv": [7.75, 12, 8.75, 12.25], "texture": "#white"},
				"south": {"uv": [9.25, 12, 9.5, 12.25], "texture": "#white"},
				"down": {"uv": [9.25, 7.75, 9.5, 8.75], "texture": "#white"}
			}
		},
		{
			"from": [9.25, 4.5, 7.25],
			"to": [9.75, 4.75, 7.5],
			"faces": {
				"north": {"uv": [6.25, 11.25, 6.75, 11.5], "texture": "#white"},
				"east": {"uv": [8.5, 11.25, 8.75, 11.5], "texture": "#white"},
				"west": {"uv": [7.25, 11.25, 7.5, 11.5], "texture": "#white"},
				"up": {"uv": [9.25, 7.25, 9.75, 7.5], "texture": "#white"}
			}
		},
		{
			"from": [9.25, 4.5, 8],
			"to": [9.75, 4.75, 8.25],
			"faces": {
				"east": {"uv": [7.75, 11.25, 8, 11.5], "texture": "#white"},
				"south": {"uv": [9.25, 11.25, 9.75, 11.5], "texture": "#white"},
				"west": {"uv": [8, 11.25, 8.25, 11.5], "texture": "#white"},
				"up": {"uv": [9.25, 8, 9.75, 8.25], "texture": "#white"}
			}
		},
		{
			"from": [9.25, 5, 7.25],
			"to": [10, 5.25, 7.5],
			"faces": {
				"north": {"uv": [6, 10.75, 6.75, 11], "texture": "#white"},
				"east": {"uv": [8.5, 10.75, 8.75, 11], "texture": "#white"},
				"west": {"uv": [7.25, 10.75, 7.5, 11], "texture": "#white"},
				"up": {"uv": [9.25, 7.25, 10, 7.5], "texture": "#white"},
				"down": {"uv": [9.25, 8.5, 10, 8.75], "texture": "#white"}
			}
		},
		{
			"from": [9.25, 5, 8],
			"to": [10, 5.25, 8.25],
			"faces": {
				"east": {"uv": [7.75, 10.75, 8, 11], "texture": "#white"},
				"south": {"uv": [9.25, 10.75, 10, 11], "texture": "#white"},
				"west": {"uv": [8, 10.75, 8.25, 11], "texture": "#white"},
				"up": {"uv": [9.25, 8, 10, 8.25], "texture": "#white"},
				"down": {"uv": [9.25, 7.75, 10, 8], "texture": "#white"}
			}
		},
		{
			"from": [9.5, 4.75, 7.25],
			"to": [10, 5, 7.5],
			"faces": {
				"north": {"uv": [6, 11, 6.5, 11.25], "texture": "#white"},
				"east": {"uv": [8.5, 11, 8.75, 11.25], "texture": "#white"},
				"west": {"uv": [7.25, 11, 7.5, 11.25], "texture": "#white"},
				"down": {"uv": [9.5, 8.5, 10, 8.75], "texture": "#white"}
			}
		},
		{
			"from": [9.5, 4.75, 8],
			"to": [10, 5, 8.25],
			"faces": {
				"east": {"uv": [7.75, 11, 8, 11.25], "texture": "#white"},
				"south": {"uv": [9.5, 11, 10, 11.25], "texture": "#white"},
				"west": {"uv": [8, 11, 8.25, 11.25], "texture": "#white"},
				"down": {"uv": [9.5, 7.75, 10, 8], "texture": "#white"}
			}
		},
		{
			"from": [9.5, 8.25, 7.25],
			"to": [10.5, 9, 8.25],
			"faces": {
				"north": {"uv": [5.5, 7, 6.5, 7.75], "texture": "#brown1"},
				"east": {"uv": [7.75, 7, 8.75, 7.75], "texture": "#brown1"},
				"south": {"uv": [9.5, 7, 10.5, 7.75], "texture": "#brown1"},
				"west": {"uv": [7.25, 7, 8.25, 7.75], "texture": "#brown1"},
				"down": {"uv": [9.5, 7.75, 10.5, 8.75], "texture": "#brown1"}
			}
		},
		{
			"from": [9.5, 8.5, 7],
			"to": [10.5, 8.75, 7.25],
			"faces": {
				"north": {"uv": [5.5, 7.25, 6.5, 7.5], "texture": "#brown1"},
				"east": {"uv": [8.75, 7.25, 9, 7.5], "texture": "#brown1"},
				"west": {"uv": [7, 7.25, 7.25, 7.5], "texture": "#brown1"},
				"down": {"uv": [9.5, 8.75, 10.5, 9], "texture": "#brown1"}
			}
		},
		{
			"from": [9.5, 8.5, 8.25],
			"to": [10.5, 10, 8.5],
			"faces": {
				"north": {"uv": [5.5, 6, 6.5, 7.5], "texture": "#brown1"},
				"east": {"uv": [7.5, 6, 7.75, 7.5], "texture": "#brown1"},
				"south": {"uv": [9.5, 6, 10.5, 7.5], "texture": "#brown1"},
				"west": {"uv": [8.25, 6, 8.5, 7.5], "texture": "#brown1"},
				"down": {"uv": [9.5, 7.5, 10.5, 7.75], "texture": "#brown1"}
			}
		},
		{
			"from": [9.5, 8.75, 6.75],
			"to": [10.5, 10.25, 7],
			"faces": {
				"north": {"uv": [5.5, 5.75, 6.5, 7.25], "texture": "#brown1"},
				"east": {"uv": [9, 5.75, 9.25, 7.25], "texture": "#brown1"},
				"south": {"uv": [9.5, 5.75, 10.5, 7.25], "texture": "#brown1"},
				"west": {"uv": [6.75, 5.75, 7, 7.25], "texture": "#brown1"},
				"up": {"uv": [9.5, 6.75, 10.5, 7], "texture": "#brown1"},
				"down": {"uv": [9.5, 9, 10.5, 9.25], "texture": "#brown1"}
			}
		},
		{
			"from": [9.5, 8.75, 8.5],
			"to": [10.5, 10.25, 8.75],
			"faces": {
				"north": {"uv": [5.5, 5.75, 6.5, 7.25], "texture": "#brown1"},
				"east": {"uv": [7.25, 5.75, 7.5, 7.25], "texture": "#brown1"},
				"south": {"uv": [9.5, 5.75, 10.5, 7.25], "texture": "#brown1"},
				"west": {"uv": [8.5, 5.75, 8.75, 7.25], "texture": "#brown1"},
				"up": {"uv": [9.5, 8.5, 10.5, 8.75], "texture": "#brown1"},
				"down": {"uv": [9.5, 7.25, 10.5, 7.5], "texture": "#brown1"}
			}
		},
		{
			"from": [9.5, 9, 7],
			"to": [13.5, 9.25, 7.25],
			"faces": {
				"north": {"uv": [2.5, 6.75, 6.5, 7], "texture": "#brown1"},
				"east": {"uv": [8.75, 6.75, 9, 7], "texture": "#brown1"},
				"up": {"uv": [9.5, 7, 13.5, 7.25], "texture": "#brown1"},
				"down": {"uv": [9.5, 8.75, 13.5, 9], "texture": "#brown1"}
			}
		},
		{
			"from": [9.5, 9.25, 7.25],
			"to": [13.5, 9.5, 8.25],
			"faces": {
				"north": {"uv": [2.5, 6.5, 6.5, 6.75], "texture": "#brown1"},
				"east": {"uv": [7.75, 6.5, 8.75, 6.75], "texture": "#brown1"},
				"south": {"uv": [9.5, 6.5, 13.5, 6.75], "texture": "#brown1"}
			}
		},
		{
			"from": [9.5, 9.5, 7],
			"to": [13.5, 10, 7.25],
			"faces": {
				"north": {"uv": [2.5, 6, 6.5, 6.5], "texture": "#brown1"},
				"east": {"uv": [8.75, 6, 9, 6.5], "texture": "#brown1"},
				"south": {"uv": [9.5, 6, 13.5, 6.5], "texture": "#brown1"},
				"up": {"uv": [9.5, 7, 13.5, 7.25], "texture": "#brown1"},
				"down": {"uv": [9.5, 8.75, 13.5, 9], "texture": "#brown1"}
			}
		},
		{
			"from": [9.5, 9.75, 7.25],
			"to": [13.5, 10, 8.25],
			"faces": {
				"east": {"uv": [7.75, 6, 8.75, 6.25], "texture": "#brown1"},
				"south": {"uv": [9.5, 6, 13.5, 6.25], "texture": "#brown1"},
				"up": {"uv": [9.5, 7.25, 13.5, 8.25], "texture": "#brown1"}
			}
		},
		{
			"from": [9.5, 10, 7.25],
			"to": [11, 10.25, 7.5],
			"faces": {
				"north": {"uv": [5, 5.75, 6.5, 6], "texture": "#brown1"},
				"east": {"uv": [8.5, 5.75, 8.75, 6], "texture": "#brown1"},
				"south": {"uv": [9.5, 5.75, 11, 6], "texture": "#brown1"},
				"up": {"uv": [9.5, 7.25, 11, 7.5], "texture": "#brown1"}
			}
		},
		{
			"from": [10.5, 8.5, 7.25],
			"to": [13.5, 9, 8.25],
			"faces": {
				"north": {"uv": [2.5, 7, 5.5, 7.5], "texture": "#brown1"},
				"east": {"uv": [7.75, 7, 8.75, 7.5], "texture": "#brown1"},
				"south": {"uv": [10.5, 7, 13.5, 7.5], "texture": "#brown1"},
				"down": {"uv": [10.5, 7.75, 13.5, 8.75], "texture": "#brown1"}
			}
		},
		{
			"from": [10.5, 8.75, 7],
			"to": [13.5, 9, 7.25],
			"faces": {
				"north": {"uv": [2.5, 7, 5.5, 7.25], "texture": "#brown1"},
				"east": {"uv": [8.75, 7, 9, 7.25], "texture": "#brown1"},
				"down": {"uv": [10.5, 8.75, 13.5, 9], "texture": "#brown1"}
			}
		},
		{
			"from": [10.5, 8.75, 8.25],
			"to": [13.5, 10, 8.5],
			"faces": {
				"north": {"uv": [2.5, 6, 5.5, 7.25], "texture": "#brown1"},
				"east": {"uv": [7.5, 6, 7.75, 7.25], "texture": "#brown1"},
				"south": {"uv": [10.5, 6, 13.5, 7.25], "texture": "#brown1"},
				"up": {"uv": [10.5, 8.25, 13.5, 8.5], "texture": "#brown1"},
				"down": {"uv": [10.5, 7.5, 13.5, 7.75], "texture": "#brown1"}
			}
		},
		{
			"from": [10.5, 9, 6.75],
			"to": [13.5, 10, 7],
			"faces": {
				"north": {"uv": [2.5, 6, 5.5, 7], "texture": "#brown1"},
				"east": {"uv": [9, 6, 9.25, 7], "texture": "#brown1"},
				"south": {"uv": [10.5, 6, 13.5, 7], "texture": "#brown1"},
				"up": {"uv": [10.5, 6.75, 13.5, 7], "texture": "#brown1"},
				"down": {"uv": [10.5, 9, 13.5, 9.25], "texture": "#brown1"}
			}
		},
		{
			"from": [10.5, 9, 8.5],
			"to": [13.5, 10, 8.75],
			"faces": {
				"east": {"uv": [7.25, 6, 7.5, 7], "texture": "#brown1"},
				"south": {"uv": [10.5, 6, 13.5, 7], "texture": "#brown1"},
				"up": {"uv": [10.5, 8.5, 13.5, 8.75], "texture": "#brown1"},
				"down": {"uv": [10.5, 7.25, 13.5, 7.5], "texture": "#brown1"}
			}
		},
		{
			"from": [10.5, 10, 6.75],
			"to": [11, 10.25, 7],
			"faces": {
				"north": {"uv": [5, 5.75, 5.5, 6], "texture": "#brown1"},
				"east": {"uv": [9, 5.75, 9.25, 6], "texture": "#brown1"},
				"south": {"uv": [10.5, 5.75, 11, 6], "texture": "#brown1"},
				"up": {"uv": [10.5, 6.75, 11, 7], "texture": "#brown1"}
			}
		},
		{
			"from": [10.5, 10, 8.5],
			"to": [11, 10.25, 8.75],
			"faces": {
				"north": {"uv": [5, 5.75, 5.5, 6], "texture": "#brown1"},
				"east": {"uv": [7.25, 5.75, 7.5, 6], "texture": "#brown1"},
				"south": {"uv": [10.5, 5.75, 11, 6], "texture": "#brown1"},
				"up": {"uv": [10.5, 8.5, 11, 8.75], "texture": "#brown1"}
			}
		},
		{
			"from": [10.75, 10, 7],
			"to": [11, 10.5, 7.25],
			"faces": {
				"north": {"uv": [5, 5.5, 5.25, 6], "texture": "#brown1"},
				"east": {"uv": [8.75, 5.5, 9, 6], "texture": "#brown1"},
				"south": {"uv": [10.75, 5.5, 11, 6], "texture": "#brown1"}
			}
		},
		{
			"from": [10.75, 10, 7.5],
			"to": [11, 10.5, 8.5],
			"faces": {
				"north": {"uv": [5, 5.5, 5.25, 6], "texture": "#brown1"},
				"east": {"uv": [7.5, 5.5, 8.5, 6], "texture": "#brown1"},
				"south": {"uv": [10.75, 5.5, 11, 6], "texture": "#brown1"},
				"down": {"uv": [10.75, 7.5, 11, 8.5], "texture": "#brown1"}
			}
		},
		{
			"from": [10.75, 10.25, 6.75],
			"to": [13.5, 10.5, 7],
			"faces": {
				"north": {"uv": [2.5, 5.5, 5.25, 5.75], "texture": "#brown1"},
				"east": {"uv": [9, 5.5, 9.25, 5.75], "texture": "#brown1"},
				"south": {"uv": [10.75, 5.5, 13.5, 5.75], "texture": "#brown1"},
				"west": {"uv": [6.75, 5.5, 7, 5.75], "texture": "#brown1"},
				"up": {"uv": [10.75, 6.75, 13.5, 7], "texture": "#brown1"},
				"down": {"uv": [10.75, 9, 13.5, 9.25], "texture": "#brown1"}
			}
		},
		{
			"from": [10.75, 10.25, 7.25],
			"to": [13.5, 10.5, 7.5],
			"faces": {
				"north": {"uv": [2.5, 5.5, 5.25, 5.75], "texture": "#brown1"},
				"east": {"uv": [8.5, 5.5, 8.75, 5.75], "texture": "#brown1"},
				"south": {"uv": [10.75, 5.5, 13.5, 5.75], "texture": "#brown1"},
				"up": {"uv": [10.75, 7.25, 13.5, 7.5], "texture": "#brown1"},
				"down": {"uv": [10.75, 8.5, 13.5, 8.75], "texture": "#brown1"}
			}
		},
		{
			"from": [10.75, 10.25, 8.5],
			"to": [13.5, 10.5, 8.75],
			"faces": {
				"north": {"uv": [2.5, 5.5, 5.25, 5.75], "texture": "#brown1"},
				"east": {"uv": [7.25, 5.5, 7.5, 5.75], "texture": "#brown1"},
				"south": {"uv": [10.75, 5.5, 13.5, 5.75], "texture": "#brown1"},
				"west": {"uv": [8.5, 5.5, 8.75, 5.75], "texture": "#brown1"},
				"up": {"uv": [10.75, 8.5, 13.5, 8.75], "texture": "#brown1"},
				"down": {"uv": [10.75, 7.25, 13.5, 7.5], "texture": "#brown1"}
			}
		},
		{
			"from": [10.75, 10.5, 6.75],
			"to": [13.25, 10.75, 7],
			"faces": {
				"north": {"uv": [2.75, 5.25, 5.25, 5.5], "texture": "#brown1"},
				"east": {"uv": [9, 5.25, 9.25, 5.5], "texture": "#brown1"},
				"west": {"uv": [6.75, 5.25, 7, 5.5], "texture": "#brown1"},
				"up": {"uv": [10.75, 6.75, 13.25, 7], "texture": "#brown1"}
			}
		},
		{
			"from": [10.75, 10.5, 8.5],
			"to": [13.25, 10.75, 8.75],
			"faces": {
				"east": {"uv": [7.25, 5.25, 7.5, 5.5], "texture": "#brown1"},
				"south": {"uv": [10.75, 5.25, 13.25, 5.5], "texture": "#brown1"},
				"west": {"uv": [8.5, 5.25, 8.75, 5.5], "texture": "#brown1"},
				"up": {"uv": [10.75, 8.5, 13.25, 8.75], "texture": "#brown1"}
			}
		},
		{
			"from": [10.75, 10.75, 7],
			"to": [13.25, 11, 8.5],
			"faces": {
				"north": {"uv": [2.75, 5, 5.25, 5.25], "texture": "#brown1"},
				"east": {"uv": [7.5, 5, 9, 5.25], "texture": "#brown1"},
				"south": {"uv": [10.75, 5, 13.25, 5.25], "texture": "#brown1"},
				"west": {"uv": [7, 5, 8.5, 5.25], "texture": "#brown1"},
				"up": {"uv": [10.75, 7, 13.25, 8.5], "texture": "#brown1"}
			}
		},
		{
			"from": [10.75, 11, 7.25],
			"to": [13.25, 11.25, 8.25],
			"faces": {
				"north": {"uv": [2.75, 4.75, 5.25, 5], "texture": "#brown1"},
				"east": {"uv": [7.75, 4.75, 8.75, 5], "texture": "#brown1"},
				"south": {"uv": [10.75, 4.75, 13.25, 5], "texture": "#brown1"},
				"west": {"uv": [7.25, 4.75, 8.25, 5], "texture": "#brown1"},
				"up": {"uv": [10.75, 7.25, 13.25, 8.25], "texture": "#brown1"}
			}
		},
		{
			"from": [11, 10.25, 7],
			"to": [13.5, 10.5, 7.25],
			"faces": {
				"east": {"uv": [8.75, 5.5, 9, 5.75], "texture": "#brown1"},
				"up": {"uv": [11, 7, 13.5, 7.25], "texture": "#brown1"},
				"down": {"uv": [11, 8.75, 13.5, 9], "texture": "#brown1"}
			}
		},
		{
			"from": [11, 10.25, 7.5],
			"to": [13.5, 10.5, 8.5],
			"faces": {
				"east": {"uv": [7.5, 5.5, 8.5, 5.75], "texture": "#brown1"},
				"up": {"uv": [11, 7.5, 13.5, 8.5], "texture": "#brown1"},
				"down": {"uv": [11, 7.5, 13.5, 8.5], "texture": "#brown1"}
			}
		},
		{
			"from": [11.75, 10, 6.75],
			"to": [12.25, 10.25, 8.75],
			"faces": {
				"north": {"uv": [3.75, 5.75, 4.25, 6], "texture": "#brown1"},
				"east": {"uv": [7.25, 5.75, 9.25, 6], "texture": "#brown1"},
				"south": {"uv": [11.75, 5.75, 12.25, 6], "texture": "#brown1"},
				"west": {"uv": [6.75, 5.75, 8.75, 6], "texture": "#brown1"},
				"up": {"uv": [11.75, 6.75, 12.25, 8.75], "texture": "#brown1"},
				"down": {"uv": [11.75, 7.25, 12.25, 9.25], "texture": "#brown1"}
			}
		},
		{
			"from": [13.25, 9.25, 7],
			"to": [13.5, 9.5, 7.25],
			"faces": {
				"east": {"uv": [8.75, 6.5, 9, 6.75], "texture": "#brown1"}
			}
		},
		{
			"from": [13.25, 10.5, 7],
			"to": [13.5, 10.75, 8.5],
			"faces": {
				"north": {"uv": [2.5, 5.25, 2.75, 5.5], "texture": "#brown1"},
				"east": {"uv": [7.5, 5.25, 9, 5.5], "texture": "#brown1"},
				"south": {"uv": [13.25, 5.25, 13.5, 5.5], "texture": "#brown1"},
				"up": {"uv": [13.25, 7, 13.5, 8.5], "texture": "#brown1"},
				"down": {"uv": [13.25, 7.5, 13.5, 9], "texture": "#brown1"}
			}
		},
		{
			"from": [13.25, 10.75, 7.25],
			"to": [13.5, 11, 8.25],
			"faces": {
				"north": {"uv": [2.5, 5, 2.75, 5.25], "texture": "#brown1"},
				"east": {"uv": [7.75, 5, 8.75, 5.25], "texture": "#brown1"},
				"south": {"uv": [13.25, 5, 13.5, 5.25], "texture": "#brown1"},
				"up": {"uv": [13.25, 7.25, 13.5, 8.25], "texture": "#brown1"}
			}
		},
		{
			"from": [13.25, 11, 7.5],
			"to": [13.5, 11.25, 8],
			"faces": {
				"north": {"uv": [2.5, 4.75, 2.75, 5], "texture": "#brown1"},
				"east": {"uv": [8, 4.75, 8.5, 5], "texture": "#brown1"},
				"south": {"uv": [13.25, 4.75, 13.5, 5], "texture": "#brown1"},
				"up": {"uv": [13.25, 7.5, 13.5, 8], "texture": "#brown1"}
			}
		},
		{
			"from": [13.5, 8.5, 7.5],
			"to": [18.5, 8.75, 8],
			"faces": {
				"north": {"uv": [0, 7.25, 2.5, 7.5], "texture": "#white"},
				"east": {"uv": [8, 7.25, 8.5, 7.5], "texture": "#white"},
				"south": {"uv": [13.5, 7.25, 16, 7.5], "texture": "#white"},
				"up": {"uv": [13.5, 7.5, 16, 8], "texture": "#white"},
				"down": {"uv": [13.5, 8, 16, 8.5], "texture": "#white"}
			}
		},
		{
			"from": [13.5, 9, 7.5],
			"to": [19, 9.25, 8],
			"faces": {
				"north": {"uv": [0, 6.75, 2.5, 7], "texture": "#white"},
				"east": {"uv": [8, 6.75, 8.5, 7], "texture": "#white"},
				"south": {"uv": [13.5, 6.75, 16, 7], "texture": "#white"},
				"up": {"uv": [13.5, 7.5, 16, 8], "texture": "#white"},
				"down": {"uv": [13.5, 8, 16, 8.5], "texture": "#white"}
			}
		},
		{
			"from": [13.5, 9.25, 7.25],
			"to": [19, 9.75, 7.5],
			"faces": {
				"north": {"uv": [0, 6.25, 2.5, 6.75], "texture": "#white"},
				"east": {"uv": [8.5, 6.25, 8.75, 6.75], "texture": "#white"},
				"south": {"uv": [13.5, 6.25, 16, 6.75], "texture": "#white"},
				"west": {"uv": [7.25, 6.25, 7.5, 6.75], "texture": "#white"},
				"up": {"uv": [13.5, 7.25, 16, 7.5], "texture": "#white"},
				"down": {"uv": [13.5, 8.5, 16, 8.75], "texture": "#white"}
			}
		},
		{
			"from": [13.5, 9.25, 7.5],
			"to": [18, 10, 8],
			"faces": {
				"north": {"uv": [0, 6, 2.5, 6.75], "texture": "#white"},
				"east": {"uv": [8, 6, 8.5, 6.75], "texture": "#white"},
				"south": {"uv": [13.5, 6, 16, 6.75], "texture": "#white"},
				"west": {"uv": [7.5, 6, 8, 6.75], "texture": "#white"},
				"up": {"uv": [13.5, 7.5, 16, 8], "texture": "#white"}
			}
		},
		{
			"from": [13.5, 9.25, 8],
			"to": [19, 9.75, 8.25],
			"faces": {
				"north": {"uv": [0, 6.25, 2.5, 6.75], "texture": "#white"},
				"east": {"uv": [7.75, 6.25, 8, 6.75], "texture": "#white"},
				"south": {"uv": [13.5, 6.25, 16, 6.75], "texture": "#white"},
				"west": {"uv": [8, 6.25, 8.25, 6.75], "texture": "#white"},
				"up": {"uv": [13.5, 8, 16, 8.25], "texture": "#white"},
				"down": {"uv": [13.5, 7.75, 16, 8], "texture": "#white"}
			}
		},
		{
			"from": [13.5, 10, 7.5],
			"to": [13.75, 10.75, 8],
			"faces": {
				"north": {"uv": [2.25, 5.25, 2.5, 6], "texture": "#white"},
				"east": {"uv": [8, 5.25, 8.5, 6], "texture": "#white"},
				"south": {"uv": [13.5, 5.25, 13.75, 6], "texture": "#white"},
				"west": {"uv": [7.5, 5.25, 8, 6], "texture": "#white"},
				"up": {"uv": [13.5, 7.5, 13.75, 8], "texture": "#white"}
			}
		},
		{
			"from": [13.75, 10.25, 7.5],
			"to": [16, 10.75, 8],
			"faces": {
				"north": {"uv": [0, 5.25, 2.25, 5.75], "texture": "#white"},
				"east": {"uv": [8, 5.25, 8.5, 5.75], "texture": "#white"},
				"south": {"uv": [13.75, 5.25, 16, 5.75], "texture": "#white"},
				"up": {"uv": [13.75, 7.5, 16, 8], "texture": "#white"},
				"down": {"uv": [13.75, 8, 16, 8.5], "texture": "#white"}
			}
		},
		{
			"from": [15.25, 10, 7.5],
			"to": [16.5, 10.25, 8],
			"faces": {
				"north": {"uv": [0, 5.75, 0.75, 6], "texture": "#white"},
				"east": {"uv": [8, 5.75, 8.5, 6], "texture": "#white"},
				"south": {"uv": [15.25, 5.75, 16, 6], "texture": "#white"},
				"west": {"uv": [7.5, 5.75, 8, 6], "texture": "#white"},
				"up": {"uv": [15.25, 7.5, 16, 8], "texture": "#white"}
			}
		},
		{
			"from": [16, 8.75, 7.5],
			"to": [16.25, 9, 8],
			"faces": {
				"north": {"uv": [15.75, 7, 16, 7.25], "texture": "#white"},
				"east": {"uv": [8, 7, 8.5, 7.25], "texture": "#white"},
				"south": {"uv": [0, 7, 0.25, 7.25], "texture": "#white"},
				"west": {"uv": [7.5, 7, 8, 7.25], "texture": "#white"}
			}
		},
		{
			"from": [17.75, 10, 7.5],
			"to": [18, 10.25, 8],
			"faces": {
				"north": {"uv": [14, 5.75, 14.25, 6], "texture": "#white"},
				"east": {"uv": [8, 5.75, 8.5, 6], "texture": "#white"},
				"south": {"uv": [1.75, 5.75, 2, 6], "texture": "#white"},
				"west": {"uv": [7.5, 5.75, 8, 6], "texture": "#white"},
				"up": {"uv": [1.75, 7.5, 2, 8], "texture": "#white"}
			}
		},
		{
			"from": [18, 9.25, 7.5],
			"to": [18.25, 9.75, 8],
			"faces": {
				"east": {"uv": [8, 6.25, 8.5, 6.75], "texture": "#white"}
			}
		},
		{
			"from": [18, 9.75, 7.5],
			"to": [19, 10, 8],
			"faces": {
				"north": {"uv": [13, 6, 14, 6.25], "texture": "#white"},
				"east": {"uv": [8, 6, 8.5, 6.25], "texture": "#white"},
				"south": {"uv": [2, 6, 3, 6.25], "texture": "#white"},
				"up": {"uv": [2, 7.5, 3, 8], "texture": "#white"},
				"down": {"uv": [2, 8, 3, 8.5], "texture": "#white"}
			}
		},
		{
			"from": [18, 10.25, 7.5],
			"to": [18.25, 10.75, 8],
			"faces": {
				"north": {"uv": [13.75, 5.25, 14, 5.75], "texture": "#white"},
				"east": {"uv": [8, 5.25, 8.5, 5.75], "texture": "#white"},
				"south": {"uv": [2, 5.25, 2.25, 5.75], "texture": "#white"},
				"west": {"uv": [7.5, 5.25, 8, 5.75], "texture": "#white"},
				"up": {"uv": [2, 7.5, 2.25, 8], "texture": "#white"},
				"down": {"uv": [2, 8, 2.25, 8.5], "texture": "#white"}
			}
		},
		{
			"from": [18.25, 8.75, 7.5],
			"to": [18.5, 9, 8],
			"faces": {
				"north": {"uv": [13.5, 7, 13.75, 7.25], "texture": "#white"},
				"east": {"uv": [8, 7, 8.5, 7.25], "texture": "#white"},
				"south": {"uv": [2.25, 7, 2.5, 7.25], "texture": "#white"},
				"west": {"uv": [7.5, 7, 8, 7.25], "texture": "#white"}
			}
		},
		{
			"from": [18.25, 10.75, 7.5],
			"to": [18.75, 11.25, 8],
			"faces": {
				"north": {"uv": [13.25, 4.75, 13.75, 5.25], "texture": "#white"},
				"east": {"uv": [8, 4.75, 8.5, 5.25], "texture": "#white"},
				"south": {"uv": [2.25, 4.75, 2.75, 5.25], "texture": "#white"},
				"west": {"uv": [7.5, 4.75, 8, 5.25], "texture": "#white"},
				"up": {"uv": [2.25, 7.5, 2.75, 8], "texture": "#white"},
				"down": {"uv": [2.25, 8, 2.75, 8.5], "texture": "#white"}
			}
		},
		{
			"from": [18.5, 10, 7.5],
			"to": [18.75, 10.75, 8],
			"faces": {
				"north": {"uv": [13.25, 5.25, 13.5, 6], "texture": "#white"},
				"east": {"uv": [8, 5.25, 8.5, 6], "texture": "#white"},
				"south": {"uv": [2.5, 5.25, 2.75, 6], "texture": "#white"},
				"west": {"uv": [7.5, 5.25, 8, 6], "texture": "#white"}
			}
		}
	],
	"display": {
		"thirdperson_righthand": {
			"rotation": [0, 90, 0],
			"translation": [0, -0.07, -3.02],
			"scale": [1.1, 1.1, 1.1]
		},
		"thirdperson_lefthand": {
			"rotation": [0, -90, 0],
			"translation": [-0.38, 0.07, -3.02],
			"scale": [1.1, 1.1, 1.1]
		},
		"firstperson_righthand": {
			"rotation": [0, 90, 0],
			"translation": [3.59, -1.89, -7.94],
			"scale": [1.4, 1.4, 1.4]
		},
		"firstperson_lefthand": {
			"rotation": [0, -90, 0],
			"translation": [3.59, -1.89, -7.94],
			"scale": [1.4, 1.4, 1.4]
		},
		"ground": {
			"rotation": [90, 0, 0],
			"translation": [-1.12, 0, 0.94]
		},
		"gui": {
			"rotation": [0, 180, 45],
			"translation": [-0.76, 0, -0.76],
			"scale": [0.8, 0.8, 0.8]
		},
		"fixed": {
			"translation": [0, 0, -1.32]
		}
	}
}