{"__comment":"Designed by Anomaly Artz. You may not claim, alter, monetize or distribute in any way!","textures":{"particle":"guns/gray2","black":"guns/black","gray1":"guns/gray5","gray3":"guns/gray2","tan4":"guns/tan1"},"elements":[{"from":[-2.75,10.75,9],"to":[3.25,11,9.75],"faces":{"down":{"uv":[0,6.25,3.25,7],"texture":"#gray3","cullface":"west"},"up":{"uv":[0,9,3.25,9.75],"texture":"#gray3","cullface":"west"},"north":{"uv":[12.75,5,16,5.25],"texture":"#gray3","cullface":"west"},"south":{"uv":[0,5,3.25,5.25],"texture":"#gray3","cullface":"west"},"west":{"uv":[9,5,9.75,5.25],"texture":"#gray3","cullface":"west"}}},{"from":[-2.75,11,8.75],"to":[4.25,11.25,9],"faces":{"down":{"uv":[0,7,4.25,7.25],"texture":"#gray3","cullface":"west"},"up":{"uv":[0,8.75,4.25,9],"texture":"#gray3","cullface":"west"},"north":{"uv":[11.75,4.75,16,5],"texture":"#gray3","cullface":"west"},"south":{"uv":[0,4.75,4.25,5],"texture":"#gray3","cullface":"west"},"west":{"uv":[8.75,4.75,9,5],"texture":"#gray3","cullface":"west"}}},{"from":[-2.75,11,9.75],"to":[4.25,11.25,10],"faces":{"down":{"uv":[0,6,4.25,6.25],"texture":"#gray3","cullface":"west"},"up":{"uv":[0,9.75,4.25,10],"texture":"#gray3","cullface":"west"},"north":{"uv":[11.75,4.75,16,5],"texture":"#gray3","cullface":"west"},"south":{"uv":[0,4.75,4.25,5],"texture":"#gray3","cullface":"west"},"west":{"uv":[9.75,4.75,10,5],"texture":"#gray3","cullface":"west"}}},{"from":[-2.75,11.25,8.75],"to":[3.25,11.5,9],"faces":{"up":{"uv":[0,8.75,3.25,9],"texture":"#gray3","cullface":"west"},"north":{"uv":[12.75,4.5,16,4.75],"texture":"#gray3","cullface":"west"},"south":{"uv":[0,4.5,3.25,4.75],"texture":"#gray3","cullface":"west"},"west":{"uv":[8.75,4.5,9,4.75],"texture":"#gray3","cullface":"west"}}},{"from":[-2.75,11.25,9.75],"to":[3.25,11.5,10],"faces":{"up":{"uv":[0,9.75,3.25,10],"texture":"#gray3","cullface":"west"},"north":{"uv":[12.75,4.5,16,4.75],"texture":"#gray3","cullface":"west"},"south":{"uv":[0,4.5,3.25,4.75],"texture":"#gray3","cullface":"west"},"west":{"uv":[9.75,4.5,10,4.75],"texture":"#gray3","cullface":"west"}}},{"from":[-2.75,11.5,9],"to":[3.5,11.75,9.75],"faces":{"down":{"uv":[0,6.25,3.5,7],"texture":"#gray3","cullface":"west"},"up":{"uv":[0,9,3.5,9.75],"texture":"#gray3","cullface":"west"},"north":{"uv":[12.5,4.25,16,4.5],"texture":"#gray3","cullface":"west"},"south":{"uv":[0,4.25,3.5,4.5],"texture":"#gray3","cullface":"west"},"west":{"uv":[9,4.25,9.75,4.5],"texture":"#gray3","cullface":"west"}}},{"from":[-1.25,11,9],"to":[-1,11.5,9.75],"faces":{"north":{"uv":[1,4.5,1.25,5],"texture":"#black","cullface":"west"},"south":{"uv":[14.75,4.5,15,5],"texture":"#black","cullface":"west"},"west":{"uv":[9,4.5,9.75,5],"texture":"#black","cullface":"west"}}},{"from":[-1,11,9],"to":[3.25,11.5,9.75],"faces":{"north":{"uv":[12.75,4.5,16,5],"texture":"#gray3","cullface":"west"},"south":{"uv":[0,4.5,3.25,5],"texture":"#gray3","cullface":"west"},"east":{"uv":[6.25,4.5,7,5],"texture":"#gray3","cullface":"west"}}},{"from":[2.5,10.5,8.75],"to":[2.75,11,9],"faces":{"down":{"uv":[2.5,7,2.75,7.25],"texture":"#gray3"},"north":{"uv":[13.25,5,13.5,5.5],"texture":"#gray3"},"south":{"uv":[2.5,5,2.75,5.5],"texture":"#gray3"},"west":{"uv":[8.75,5,9,5.5],"texture":"#gray3"},"east":{"uv":[7,5,7.25,5.5],"texture":"#gray3"}}},{"from":[2.5,10.5,9],"to":[2.75,10.75,10],"faces":{"down":{"uv":[2.5,6,2.75,7],"texture":"#gray3"},"up":{"uv":[2.5,9,2.75,10],"texture":"#gray3"},"south":{"uv":[2.5,5.25,2.75,5.5],"texture":"#gray3"},"west":{"uv":[9,5.25,10,5.5],"texture":"#gray3"},"east":{"uv":[6,5.25,7,5.5],"texture":"#gray3"}}},{"from":[2.5,10.75,9.75],"to":[2.75,11,10],"faces":{"south":{"uv":[2.5,5,2.75,5.25],"texture":"#gray3"},"west":{"uv":[9.75,5,10,5.25],"texture":"#gray3"},"east":{"uv":[6,5,6.25,5.25],"texture":"#gray3"}}},{"from":[2.5,11.5,8.75],"to":[2.75,13,9],"faces":{"up":{"uv":[2.5,8.75,2.75,9],"texture":"#gray3"},"north":{"uv":[13.25,3,13.5,4.5],"texture":"#gray3"},"south":{"uv":[2.5,3,2.75,4.5],"texture":"#gray3"},"west":{"uv":[8.75,3,9,4.5],"texture":"#gray3"},"east":{"uv":[7,3,7.25,4.5],"texture":"#gray3"}}},{"from":[2.5,11.5,9.75],"to":[2.75,13,10],"faces":{"up":{"uv":[2.5,9.75,2.75,10],"texture":"#gray3"},"north":{"uv":[13.25,3,13.5,4.5],"texture":"#gray3"},"south":{"uv":[2.5,3,2.75,4.5],"texture":"#gray3"},"west":{"uv":[9.75,3,10,4.5],"texture":"#gray3"},"east":{"uv":[6,3,6.25,4.5],"texture":"#gray3"}}},{"from":[2.5,11.75,9],"to":[2.75,12.25,9.75],"faces":{"up":{"uv":[2.5,9,2.75,9.75],"texture":"#gray3"},"west":{"uv":[9,3.75,9.75,4.25],"texture":"#gray3"},"east":{"uv":[6.25,3.75,7,4.25],"texture":"#gray3"}}},{"from":[2.75,12.75,8.75],"to":[3,13,9],"faces":{"down":{"uv":[2.75,7,3,7.25],"texture":"#gray3"},"up":{"uv":[2.75,8.75,3,9],"texture":"#gray3"},"north":{"uv":[13,3,13.25,3.25],"texture":"#gray3"},"south":{"uv":[2.75,3,3,3.25],"texture":"#gray3"},"east":{"uv":[7,3,7.25,3.25],"texture":"#gray3"}}},{"from":[2.75,12.75,9.75],"to":[3,13,10],"faces":{"down":{"uv":[2.75,6,3,6.25],"texture":"#gray3"},"up":{"uv":[2.75,9.75,3,10],"texture":"#gray3"},"north":{"uv":[13,3,13.25,3.25],"texture":"#gray3"},"south":{"uv":[2.75,3,3,3.25],"texture":"#gray3"},"east":{"uv":[6,3,6.25,3.25],"texture":"#gray3"}}},{"from":[3,12.5,8.75],"to":[3.25,12.75,9],"faces":{"down":{"uv":[3,7,3.25,7.25],"texture":"#gray3"},"up":{"uv":[3,8.75,3.25,9],"texture":"#gray3"},"north":{"uv":[12.75,3.25,13,3.5],"texture":"#gray3"},"south":{"uv":[3,3.25,3.25,3.5],"texture":"#gray3"},"west":{"uv":[8.75,3.25,9,3.5],"texture":"#gray3"},"east":{"uv":[7,3.25,7.25,3.5],"texture":"#gray3"}}},{"from":[3,12.5,9.75],"to":[3.25,12.75,10],"faces":{"down":{"uv":[3,6,3.25,6.25],"texture":"#gray3"},"up":{"uv":[3,9.75,3.25,10],"texture":"#gray3"},"north":{"uv":[12.75,3.25,13,3.5],"texture":"#gray3"},"south":{"uv":[3,3.25,3.25,3.5],"texture":"#gray3"},"west":{"uv":[9.75,3.25,10,3.5],"texture":"#gray3"},"east":{"uv":[6,3.25,6.25,3.5],"texture":"#gray3"}}},{"from":[3.25,10.75,8.5],"to":[8,11.25,8.75],"faces":{"down":{"uv":[3.25,7.25,8,7.5],"texture":"#tan4"},"up":{"uv":[3.25,8.5,8,8.75],"texture":"#tan4"},"north":{"uv":[8,4.75,12.75,5.25],"texture":"#tan4"},"south":{"uv":[3.25,4.75,8,5.25],"texture":"#tan4"},"west":{"uv":[8.5,4.75,8.75,5.25],"texture":"#tan4"},"east":{"uv":[7.25,4.75,7.5,5.25],"texture":"#tan4"}}},{"from":[3.25,10.75,8.75],"to":[8,11,10.25],"faces":{"down":{"uv":[3.25,5.75,8,7.25],"texture":"#tan4"},"up":{"uv":[3.25,8.75,8,10.25],"texture":"#tan4"},"south":{"uv":[3.25,5,8,5.25],"texture":"#tan4"},"west":{"uv":[8.75,5,10.25,5.25],"texture":"#tan4"},"east":{"uv":[5.75,5,7.25,5.25],"texture":"#tan4"}}},{"from":[3.25,11,9],"to":[8.5,11.25,9.75],"faces":{"down":{"uv":[3.25,6.25,8.5,7],"texture":"#tan4"},"up":{"uv":[3.25,9,8.5,9.75],"texture":"#tan4"},"north":{"uv":[7.5,4.75,12.75,5],"texture":"#tan4"},"south":{"uv":[3.25,4.75,8.5,5],"texture":"#tan4"},"east":{"uv":[6.25,4.75,7,5],"texture":"#tan4"}}},{"from":[3.25,11,10],"to":[8,11.25,10.25],"faces":{"up":{"uv":[3.25,10,8,10.25],"texture":"#tan4"},"north":{"uv":[8,4.75,12.75,5],"texture":"#tan4"},"south":{"uv":[3.25,4.75,8,5],"texture":"#tan4"},"west":{"uv":[10,4.75,10.25,5],"texture":"#tan4"},"east":{"uv":[5.75,4.75,6,5],"texture":"#tan4"}}},{"from":[3.25,11.25,8.5],"to":[4.25,11.5,10.25],"faces":{"down":{"uv":[3.25,5.75,4.25,7.5],"texture":"#tan4"},"up":{"uv":[3.25,8.5,4.25,10.25],"texture":"#tan4"},"north":{"uv":[11.75,4.5,12.75,4.75],"texture":"#tan4"},"south":{"uv":[3.25,4.5,4.25,4.75],"texture":"#tan4"},"west":{"uv":[8.5,4.5,10.25,4.75],"texture":"#tan4"},"east":{"uv":[5.75,4.5,7.5,4.75],"texture":"#tan4"}}},{"from":[3.25,12.25,8.75],"to":[3.5,12.5,9],"faces":{"down":{"uv":[3.25,7,3.5,7.25],"texture":"#gray3"},"up":{"uv":[3.25,8.75,3.5,9],"texture":"#gray3"},"north":{"uv":[12.5,3.5,12.75,3.75],"texture":"#gray3"},"south":{"uv":[3.25,3.5,3.5,3.75],"texture":"#gray3"},"west":{"uv":[8.75,3.5,9,3.75],"texture":"#gray3"},"east":{"uv":[7,3.5,7.25,3.75],"texture":"#gray3"}}},{"from":[3.25,12.25,9.75],"to":[3.5,12.5,10],"faces":{"down":{"uv":[3.25,6,3.5,6.25],"texture":"#gray3"},"up":{"uv":[3.25,9.75,3.5,10],"texture":"#gray3"},"north":{"uv":[12.5,3.5,12.75,3.75],"texture":"#gray3"},"south":{"uv":[3.25,3.5,3.5,3.75],"texture":"#gray3"},"west":{"uv":[9.75,3.5,10,3.75],"texture":"#gray3"},"east":{"uv":[6,3.5,6.25,3.75],"texture":"#gray3"}}},{"from":[3.5,10.5,8.5],"to":[8,10.75,10.25],"faces":{"down":{"uv":[3.5,5.75,8,7.5],"texture":"#tan4"},"up":{"uv":[3.5,8.5,8,10.25],"texture":"#tan4"},"north":{"uv":[8,5.25,12.5,5.5],"texture":"#tan4"},"south":{"uv":[3.5,5.25,8,5.5],"texture":"#tan4"},"west":{"uv":[8.5,5.25,10.25,5.5],"texture":"#tan4"},"east":{"uv":[5.75,5.25,7.5,5.5],"texture":"#tan4"}}},{"from":[3.5,11.5,8.5],"to":[8,11.75,10.25],"faces":{"down":{"uv":[3.5,5.75,8,7.5],"texture":"#tan4"},"up":{"uv":[3.5,8.5,8,10.25],"texture":"#tan4"},"north":{"uv":[8,4.25,12.5,4.5],"texture":"#tan4"},"south":{"uv":[3.5,4.25,8,4.5],"texture":"#tan4"},"west":{"uv":[8.5,4.25,10.25,4.5],"texture":"#tan4"},"east":{"uv":[5.75,4.25,7.5,4.5],"texture":"#tan4"}}},{"from":[3.5,11.75,8.75],"to":[3.75,12.25,9],"faces":{"up":{"uv":[3.5,8.75,3.75,9],"texture":"#gray3"},"north":{"uv":[12.25,3.75,12.5,4.25],"texture":"#gray3"},"south":{"uv":[3.5,3.75,3.75,4.25],"texture":"#gray3"},"west":{"uv":[8.75,3.75,9,4.25],"texture":"#gray3"},"east":{"uv":[7,3.75,7.25,4.25],"texture":"#gray3"}}},{"from":[3.5,11.75,9.75],"to":[3.75,12.25,10],"faces":{"up":{"uv":[3.5,9.75,3.75,10],"texture":"#gray3"},"north":{"uv":[12.25,3.75,12.5,4.25],"texture":"#gray3"},"south":{"uv":[3.5,3.75,3.75,4.25],"texture":"#gray3"},"west":{"uv":[9.75,3.75,10,4.25],"texture":"#gray3"},"east":{"uv":[6,3.75,6.25,4.25],"texture":"#gray3"}}},{"from":[3.75,10.25,8.75],"to":[8,10.5,10],"faces":{"down":{"uv":[3.75,6,8,7.25],"texture":"#tan4"},"north":{"uv":[8,5.5,12.25,5.75],"texture":"#tan4"},"south":{"uv":[3.75,5.5,8,5.75],"texture":"#tan4"},"west":{"uv":[8.75,5.5,10,5.75],"texture":"#tan4"},"east":{"uv":[6,5.5,7.25,5.75],"texture":"#tan4"}}},{"from":[3.75,11.75,8.75],"to":[8,12,10],"faces":{"up":{"uv":[3.75,8.75,8,10],"texture":"#tan4"},"north":{"uv":[8,4,12.25,4.25],"texture":"#tan4"},"south":{"uv":[3.75,4,8,4.25],"texture":"#tan4"},"west":{"uv":[8.75,4,10,4.25],"texture":"#tan4"},"east":{"uv":[6,4,7.25,4.25],"texture":"#tan4"}}},{"from":[4,10,9],"to":[7.75,10.25,9.75],"faces":{"down":{"uv":[4,6.25,7.75,7],"texture":"#tan4"},"north":{"uv":[8.25,5.75,12,6],"texture":"#tan4"},"south":{"uv":[4,5.75,7.75,6],"texture":"#tan4"},"west":{"uv":[9,5.75,9.75,6],"texture":"#tan4"},"east":{"uv":[6.25,5.75,7,6],"texture":"#tan4"}}},{"from":[4,12,9],"to":[7.75,12.25,9.75],"faces":{"up":{"uv":[4,9,7.75,9.75],"texture":"#tan4"},"north":{"uv":[8.25,3.75,12,4],"texture":"#tan4"},"south":{"uv":[4,3.75,7.75,4],"texture":"#tan4"},"west":{"uv":[9,3.75,9.75,4],"texture":"#tan4"},"east":{"uv":[6.25,3.75,7,4],"texture":"#tan4"}}},{"from":[4.25,8,9.25],"to":[5.5,10,9.5],"faces":{"down":{"uv":[4.25,6.5,5.5,6.75],"texture":"#tan4"},"north":{"uv":[10.5,6,11.75,8],"texture":"#tan4"},"south":{"uv":[4.25,6,5.5,8],"texture":"#tan4"},"west":{"uv":[9.25,6,9.5,8],"texture":"#tan4"},"east":{"uv":[6.5,6,6.75,8],"texture":"#tan4"}}},{"from":[4.25,11,8.75],"to":[8,11.25,9],"faces":{"up":{"uv":[4.25,8.75,8,9],"texture":"#tan4"}}},{"from":[4.25,11,9.75],"to":[8,11.25,10],"faces":{"up":{"uv":[4.25,9.75,8,10],"texture":"#tan4"}}},{"from":[4.5,7.75,9.25],"to":[5.25,8,9.5],"faces":{"down":{"uv":[4.5,6.5,5.25,6.75],"texture":"#tan4"},"north":{"uv":[10.75,8,11.5,8.25],"texture":"#tan4"},"south":{"uv":[4.5,8,5.25,8.25],"texture":"#tan4"},"west":{"uv":[9.25,8,9.5,8.25],"texture":"#tan4"},"east":{"uv":[6.5,8,6.75,8.25],"texture":"#tan4"}}},{"from":[4.5,8,9],"to":[5.25,10,9.25],"faces":{"down":{"uv":[4.5,6.75,5.25,7],"texture":"#tan4"},"north":{"uv":[10.75,6,11.5,8],"texture":"#tan4"},"west":{"uv":[9,6,9.25,8],"texture":"#tan4"},"east":{"uv":[6.75,6,7,8],"texture":"#tan4"}}},{"from":[4.5,8,9.5],"to":[5.25,10,9.75],"faces":{"down":{"uv":[4.5,6.25,5.25,6.5],"texture":"#tan4"},"south":{"uv":[4.5,6,5.25,8],"texture":"#tan4"},"west":{"uv":[9.5,6,9.75,8],"texture":"#tan4"},"east":{"uv":[6.25,6,6.5,8],"texture":"#tan4"}}},{"from":[5,11.25,8.5],"to":[5.5,11.5,10.25],"faces":{"down":{"uv":[5,5.75,5.5,7.5],"texture":"#tan4"},"north":{"uv":[10.5,4.5,11,4.75],"texture":"#tan4"},"south":{"uv":[5,4.5,5.5,4.75],"texture":"#tan4"},"west":{"uv":[8.5,4.5,10.25,4.75],"texture":"#tan4"},"east":{"uv":[5.75,4.5,7.5,4.75],"texture":"#tan4"}}},{"from":[6.25,11.25,8.5],"to":[6.5,11.5,10.25],"faces":{"down":{"uv":[6.25,5.75,6.5,7.5],"texture":"#tan4"},"north":{"uv":[9.5,4.5,9.75,4.75],"texture":"#tan4"},"south":{"uv":[6.25,4.5,6.5,4.75],"texture":"#tan4"},"west":{"uv":[8.5,4.5,10.25,4.75],"texture":"#tan4"},"east":{"uv":[5.75,4.5,7.5,4.75],"texture":"#tan4"}}},{"from":[7.25,11.25,8.5],"to":[8,11.5,10.25],"faces":{"down":{"uv":[7.25,5.75,8,7.5],"texture":"#tan4"},"north":{"uv":[8,4.5,8.75,4.75],"texture":"#tan4"},"south":{"uv":[7.25,4.5,8,4.75],"texture":"#tan4"},"west":{"uv":[8.5,4.5,10.25,4.75],"texture":"#tan4"},"east":{"uv":[5.75,4.5,7.5,4.75],"texture":"#tan4"}}},{"from":[8,6.25,9],"to":[9.25,6.5,9.75],"faces":{"down":{"uv":[8,6.25,9.25,7],"texture":"#gray1"},"up":{"uv":[8,9,9.25,9.75],"texture":"#gray1"},"north":{"uv":[6.75,9.5,8,9.75],"texture":"#gray1"},"south":{"uv":[8,9.5,9.25,9.75],"texture":"#gray1"},"west":{"uv":[9,9.5,9.75,9.75],"texture":"#gray1"},"east":{"uv":[6.25,9.5,7,9.75],"texture":"#gray1"}}},{"from":[8,6.5,9],"to":[8.5,6.75,9.75],"faces":{"up":{"uv":[8,9,8.5,9.75],"texture":"#gray1"},"north":{"uv":[7.5,9.25,8,9.5],"texture":"#gray1"},"south":{"uv":[8,9.25,8.5,9.5],"texture":"#gray1"},"west":{"uv":[9,9.25,9.75,9.5],"texture":"#gray1"},"east":{"uv":[6.25,9.25,7,9.5],"texture":"#gray1"}}},{"from":[8,10.25,9],"to":[13.5,11,9.75],"faces":{"down":{"uv":[8,6.25,13.5,7],"texture":"#particle"},"up":{"uv":[8,9,13.5,9.75],"texture":"#particle"},"north":{"uv":[2.5,5,8,5.75],"texture":"#particle"},"south":{"uv":[8,5,13.5,5.75],"texture":"#particle"},"west":{"uv":[9,5,9.75,5.75],"texture":"#particle"},"east":{"uv":[6.25,5,7,5.75],"texture":"#particle"}}},{"from":[8,10.5,8.75],"to":[13.5,11,9],"faces":{"down":{"uv":[8,7,13.5,7.25],"texture":"#particle"},"up":{"uv":[8,8.75,13.5,9],"texture":"#particle"},"north":{"uv":[2.5,5,8,5.5],"texture":"#particle"},"west":{"uv":[8.75,5,9,5.5],"texture":"#particle"},"east":{"uv":[7,5,7.25,5.5],"texture":"#particle"}}},{"from":[8,10.5,9.75],"to":[13.5,11.5,10],"faces":{"down":{"uv":[8,6,13.5,6.25],"texture":"#particle"},"up":{"uv":[8,9.75,13.5,10],"texture":"#particle"},"north":{"uv":[2.5,4.5,8,5.5],"texture":"#particle"},"south":{"uv":[8,4.5,13.5,5.5],"texture":"#particle"},"west":{"uv":[9.75,4.5,10,5.5],"texture":"#particle"},"east":{"uv":[6,4.5,6.25,5.5],"texture":"#particle"}}},{"from":[8,11,8.75],"to":[8.5,11.5,9],"faces":{"up":{"uv":[8,8.75,8.5,9],"texture":"#particle"},"north":{"uv":[7.5,4.5,8,5],"texture":"#particle"},"south":{"uv":[8,4.5,8.5,5],"texture":"#particle"},"west":{"uv":[8.75,4.5,9,5],"texture":"#particle"},"east":{"uv":[7,4.5,7.25,5],"texture":"#particle"}}},{"from":[8,11.25,9],"to":[8.5,11.75,9.75],"faces":{"up":{"uv":[8,9,8.5,9.75],"texture":"#particle"},"north":{"uv":[7.5,4.25,8,4.75],"texture":"#particle"},"south":{"uv":[8,4.25,8.5,4.75],"texture":"#particle"},"west":{"uv":[9,4.25,9.75,4.75],"texture":"#particle"},"east":{"uv":[6.25,4.25,7,4.75],"texture":"#particle"}}},{"from":[8.25,6,9],"to":[10,6.25,9.75],"faces":{"down":{"uv":[8.25,6.25,10,7],"texture":"#gray1"},"up":{"uv":[8.25,9,10,9.75],"texture":"#gray1"},"north":{"uv":[6,9.75,7.75,10],"texture":"#gray1"},"south":{"uv":[8.25,9.75,10,10],"texture":"#gray1"},"west":{"uv":[9,9.75,9.75,10],"texture":"#gray1"},"east":{"uv":[6.25,9.75,7,10],"texture":"#gray1"}}},{"from":[8.25,6.75,9],"to":[8.5,7.75,9.75],"faces":{"up":{"uv":[8.25,9,8.5,9.75],"texture":"#gray1"},"north":{"uv":[7.5,8.25,7.75,9.25],"texture":"#gray1"},"south":{"uv":[8.25,8.25,8.5,9.25],"texture":"#gray1"},"west":{"uv":[9,8.25,9.75,9.25],"texture":"#gray1"},"east":{"uv":[6.25,8.25,7,9.25],"texture":"#gray1"}}},{"from":[8.25,10.25,8.75],"to":[13.5,10.5,9],"faces":{"down":{"uv":[8.25,7,13.5,7.25],"texture":"#particle"},"north":{"uv":[2.5,5.5,7.75,5.75],"texture":"#particle"},"west":{"uv":[8.75,5.5,9,5.75],"texture":"#particle"},"east":{"uv":[7,5.5,7.25,5.75],"texture":"#particle"}}},{"from":[8.25,10.25,9.75],"to":[13.5,10.5,10],"faces":{"down":{"uv":[8.25,6,13.5,6.25],"texture":"#particle"},"south":{"uv":[8.25,5.5,13.5,5.75],"texture":"#particle"},"west":{"uv":[9.75,5.5,10,5.75],"texture":"#particle"},"east":{"uv":[6,5.5,6.25,5.75],"texture":"#particle"}}},{"from":[8.25,10.5,8.5],"to":[13.5,11,8.75],"faces":{"down":{"uv":[8.25,7.25,13.5,7.5],"texture":"#particle"},"up":{"uv":[8.25,8.5,13.5,8.75],"texture":"#particle"},"north":{"uv":[2.5,5,7.75,5.5],"texture":"#particle"},"west":{"uv":[8.5,5,8.75,5.5],"texture":"#particle"},"east":{"uv":[7.25,5,7.5,5.5],"texture":"#particle"}}},{"from":[8.25,10.5,10],"to":[13.5,11.5,10.25],"faces":{"down":{"uv":[8.25,5.75,13.5,6],"texture":"#particle"},"up":{"uv":[8.25,10,13.5,10.25],"texture":"#particle"},"south":{"uv":[8.25,4.5,13.5,5.5],"texture":"#particle"},"west":{"uv":[10,4.5,10.25,5.5],"texture":"#particle"},"east":{"uv":[5.75,4.5,6,5.5],"texture":"#particle"}}},{"from":[8.25,11,8.5],"to":[8.5,11.5,8.75],"faces":{"up":{"uv":[8.25,8.5,8.5,8.75],"texture":"#particle"},"north":{"uv":[7.5,4.5,7.75,5],"texture":"#particle"},"west":{"uv":[8.5,4.5,8.75,5],"texture":"#particle"},"east":{"uv":[7.25,4.5,7.5,5],"texture":"#particle"}}},{"from":[8.25,11.5,8.75],"to":[12.75,11.75,9],"faces":{"down":{"uv":[8.25,7,12.75,7.25],"texture":"#particle"},"up":{"uv":[8.25,8.75,12.75,9],"texture":"#particle"},"north":{"uv":[3.25,4.25,7.75,4.5],"texture":"#particle"},"south":{"uv":[8.25,4.25,12.75,4.5],"texture":"#particle"},"west":{"uv":[8.75,4.25,9,4.5],"texture":"#particle"}}},{"from":[8.25,11.5,9.75],"to":[12.75,11.75,10],"faces":{"up":{"uv":[8.25,9.75,12.75,10],"texture":"#particle"},"north":{"uv":[3.25,4.25,7.75,4.5],"texture":"#particle"},"south":{"uv":[8.25,4.25,12.75,4.5],"texture":"#particle"},"west":{"uv":[9.75,4.25,10,4.5],"texture":"#particle"}}},{"from":[8.5,6.5,9.25],"to":[10.25,8.75,9.5],"faces":{"down":{"uv":[8.5,6.5,10.25,6.75],"texture":"#gray1"},"up":{"uv":[8.5,9.25,10.25,9.5],"texture":"#gray1"},"north":{"uv":[5.75,7.25,7.5,9.5],"texture":"#gray1"},"south":{"uv":[8.5,7.25,10.25,9.5],"texture":"#gray1"},"west":{"uv":[9.25,7.25,9.5,9.5],"texture":"#gray1"},"east":{"uv":[6.5,7.25,6.75,9.5],"texture":"#gray1"}}},{"from":[8.5,7,9],"to":[8.75,8.75,9.25],"faces":{"down":{"uv":[8.5,6.75,8.75,7],"texture":"#gray1"},"up":{"uv":[8.5,9,8.75,9.25],"texture":"#gray1"},"north":{"uv":[7.25,7.25,7.5,9],"texture":"#gray1"},"west":{"uv":[9,7.25,9.25,9],"texture":"#gray1"},"east":{"uv":[6.75,7.25,7,9],"texture":"#gray1"}}},{"from":[8.5,7,9.5],"to":[8.75,8.75,9.75],"faces":{"down":{"uv":[8.5,6.25,8.75,6.5],"texture":"#gray1"},"up":{"uv":[8.5,9.5,8.75,9.75],"texture":"#gray1"},"south":{"uv":[8.5,7.25,8.75,9],"texture":"#gray1"},"west":{"uv":[9.5,7.25,9.75,9],"texture":"#gray1"},"east":{"uv":[6.25,7.25,6.5,9],"texture":"#gray1"}}},{"from":[8.5,9.5,8.75],"to":[10.5,10.25,10],"faces":{"down":{"uv":[8.5,6,10.5,7.25],"texture":"#particle"},"up":{"uv":[8.5,8.75,10.5,10],"texture":"#particle"},"north":{"uv":[5.5,5.75,7.5,6.5],"texture":"#particle"},"south":{"uv":[8.5,5.75,10.5,6.5],"texture":"#particle"},"west":{"uv":[8.75,5.75,10,6.5],"texture":"#particle"},"east":{"uv":[6,5.75,7.25,6.5],"texture":"#particle"}}},{"from":[8.5,11,9],"to":[10.25,11.5,9.25],"faces":{"north":{"uv":[5.75,4.5,7.5,5],"texture":"#black"},"south":{"uv":[8.5,4.5,10.25,5],"texture":"#black"},"west":{"uv":[9,4.5,9.25,5],"texture":"#black"}}},{"from":[8.5,11,9.25],"to":[18.25,11.25,9.75],"faces":{"down":{"uv":[8.5,6.25,16,6.75],"texture":"#particle","cullface":"east"},"up":{"uv":[8.5,9.25,16,9.75],"texture":"#particle","cullface":"east"},"north":{"uv":[0,4.75,7.5,5],"texture":"#particle","cullface":"east"},"south":{"uv":[8.5,4.75,16,5],"texture":"#particle","cullface":"east"}}},{"from":[8.5,11.25,9.25],"to":[13.75,11.5,9.75],"faces":{"up":{"uv":[8.5,9.25,13.75,9.75],"texture":"#particle"},"north":{"uv":[2.25,4.5,7.5,4.75],"texture":"#particle"},"south":{"uv":[8.5,4.5,13.75,4.75],"texture":"#particle"}}},{"from":[8.5,11.5,9],"to":[12.75,11.75,9.75],"faces":{"down":{"uv":[8.5,6.25,12.75,7],"texture":"#particle"},"up":{"uv":[8.5,9,12.75,9.75],"texture":"#particle"}}},{"from":[8.5,11.75,8.75],"to":[8.75,12,10],"faces":{"down":{"uv":[8.5,6,8.75,7.25],"texture":"#particle"},"up":{"uv":[8.5,8.75,8.75,10],"texture":"#particle"},"north":{"uv":[7.25,4,7.5,4.25],"texture":"#particle"},"south":{"uv":[8.5,4,8.75,4.25],"texture":"#particle"},"west":{"uv":[8.75,4,10,4.25],"texture":"#particle"},"east":{"uv":[6,4,7.25,4.25],"texture":"#particle"}}},{"from":[8.75,6.5,9],"to":[9.25,7,9.25],"faces":{"up":{"uv":[8.75,9,9.25,9.25],"texture":"#gray1"},"north":{"uv":[6.75,9,7.25,9.5],"texture":"#gray1"},"west":{"uv":[9,9,9.25,9.5],"texture":"#gray1"},"east":{"uv":[6.75,9,7,9.5],"texture":"#gray1"}}},{"from":[8.75,6.5,9.5],"to":[9.25,7,9.75],"faces":{"up":{"uv":[8.75,9.5,9.25,9.75],"texture":"#gray1"},"south":{"uv":[8.75,9,9.25,9.5],"texture":"#gray1"},"west":{"uv":[9.5,9,9.75,9.5],"texture":"#gray1"},"east":{"uv":[6.25,9,6.5,9.5],"texture":"#gray1"}}},{"from":[8.75,8,9],"to":[9,9.25,9.25],"faces":{"down":{"uv":[8.75,6.75,9,7],"texture":"#gray1"},"north":{"uv":[7,6.75,7.25,8],"texture":"#gray1"},"south":{"uv":[8.75,6.75,9,8],"texture":"#gray1"},"west":{"uv":[9,6.75,9.25,8],"texture":"#gray1"},"east":{"uv":[6.75,6.75,7,8],"texture":"#gray1"}}},{"from":[8.75,8,9.5],"to":[9,9.25,9.75],"faces":{"down":{"uv":[8.75,6.25,9,6.5],"texture":"#gray1"},"north":{"uv":[7,6.75,7.25,8],"texture":"#gray1"},"south":{"uv":[8.75,6.75,9,8],"texture":"#gray1"},"west":{"uv":[9.5,6.75,9.75,8],"texture":"#gray1"},"east":{"uv":[6.25,6.75,6.5,8],"texture":"#gray1"}}},{"from":[8.75,8.75,9.25],"to":[9.75,9.25,9.5],"faces":{"north":{"uv":[6.25,6.75,7.25,7.25],"texture":"#gray1"},"south":{"uv":[8.75,6.75,9.75,7.25],"texture":"#gray1"},"west":{"uv":[9.25,6.75,9.5,7.25],"texture":"#gray1"},"east":{"uv":[6.5,6.75,6.75,7.25],"texture":"#gray1"}}},{"from":[8.75,9.25,8.75],"to":[10.5,9.5,10],"faces":{"down":{"uv":[8.75,6,10.5,7.25],"texture":"#particle"},"north":{"uv":[5.5,6.5,7.25,6.75],"texture":"#particle"},"south":{"uv":[8.75,6.5,10.5,6.75],"texture":"#particle"},"west":{"uv":[8.75,6.5,10,6.75],"texture":"#particle"},"east":{"uv":[6,6.5,7.25,6.75],"texture":"#particle"}}},{"from":[9,5.75,9],"to":[10,6,9.75],"faces":{"down":{"uv":[9,6.25,10,7],"texture":"#gray1"},"north":{"uv":[6,10,7,10.25],"texture":"#gray1"},"south":{"uv":[9,10,10,10.25],"texture":"#gray1"},"west":{"uv":[9,10,9.75,10.25],"texture":"#gray1"},"east":{"uv":[6.25,10,7,10.25],"texture":"#gray1"}}},{"from":[9,7,9],"to":[9.5,8,9.25],"faces":{"down":{"uv":[9,6.75,9.5,7],"texture":"#gray1"},"up":{"uv":[9,9,9.5,9.25],"texture":"#gray1"},"north":{"uv":[6.5,8,7,9],"texture":"#gray1"},"west":{"uv":[9,8,9.25,9],"texture":"#gray1"},"east":{"uv":[6.75,8,7,9],"texture":"#gray1"}}},{"from":[9,7,9.5],"to":[9.5,8,9.75],"faces":{"down":{"uv":[9,6.25,9.5,6.5],"texture":"#gray1"},"up":{"uv":[9,9.5,9.5,9.75],"texture":"#gray1"},"south":{"uv":[9,8,9.5,9],"texture":"#gray1"},"west":{"uv":[9.5,8,9.75,9],"texture":"#gray1"},"east":{"uv":[6.25,8,6.5,9],"texture":"#gray1"}}},{"from":[9,9,8.75],"to":[10.5,9.25,9.25],"faces":{"down":{"uv":[9,6.75,10.5,7.25],"texture":"#particle"},"north":{"uv":[5.5,6.75,7,7],"texture":"#particle"},"south":{"uv":[9,6.75,10.5,7],"texture":"#particle"},"west":{"uv":[8.75,6.75,9.25,7],"texture":"#particle"},"east":{"uv":[6.75,6.75,7.25,7],"texture":"#particle"}}},{"from":[9,9,9.5],"to":[10.5,9.25,10],"faces":{"down":{"uv":[9,6,10.5,6.5],"texture":"#particle"},"north":{"uv":[5.5,6.75,7,7],"texture":"#particle"},"south":{"uv":[9,6.75,10.5,7],"texture":"#particle"},"west":{"uv":[9.5,6.75,10,7],"texture":"#particle"},"east":{"uv":[6,6.75,6.5,7],"texture":"#particle"}}},{"from":[9,11.75,8.75],"to":[9.25,12,10],"faces":{"down":{"uv":[9,6,9.25,7.25],"texture":"#particle"},"up":{"uv":[9,8.75,9.25,10],"texture":"#particle"},"north":{"uv":[6.75,4,7,4.25],"texture":"#particle"},"south":{"uv":[9,4,9.25,4.25],"texture":"#particle"},"west":{"uv":[8.75,4,10,4.25],"texture":"#particle"},"east":{"uv":[6,4,7.25,4.25],"texture":"#particle"}}},{"from":[9.25,6.25,9.25],"to":[10,6.5,9.5],"faces":{"north":{"uv":[6,9.5,6.75,9.75],"texture":"#gray1"},"south":{"uv":[9.25,9.5,10,9.75],"texture":"#gray1"},"east":{"uv":[6.5,9.5,6.75,9.75],"texture":"#gray1"}}},{"from":[9.25,8,9],"to":[9.75,9,9.25],"faces":{"down":{"uv":[9.25,6.75,9.75,7],"texture":"#gray1"},"north":{"uv":[6.25,7,6.75,8],"texture":"#gray1"},"south":{"uv":[9.25,7,9.75,8],"texture":"#gray1"},"west":{"uv":[9,7,9.25,8],"texture":"#gray1"},"east":{"uv":[6.75,7,7,8],"texture":"#gray1"}}},{"from":[9.25,8,9.5],"to":[9.75,9,9.75],"faces":{"down":{"uv":[9.25,6.25,9.75,6.5],"texture":"#gray1"},"north":{"uv":[6.25,7,6.75,8],"texture":"#gray1"},"south":{"uv":[9.25,7,9.75,8],"texture":"#gray1"},"west":{"uv":[9.5,7,9.75,8],"texture":"#gray1"},"east":{"uv":[6.25,7,6.5,8],"texture":"#gray1"}}},{"from":[9.5,6.25,9],"to":[10,7,9.25],"faces":{"up":{"uv":[9.5,9,10,9.25],"texture":"#gray1"},"north":{"uv":[6,9,6.5,9.75],"texture":"#gray1"},"south":{"uv":[9.5,9,10,9.75],"texture":"#gray1"},"west":{"uv":[9,9,9.25,9.75],"texture":"#gray1"},"east":{"uv":[6.75,9,7,9.75],"texture":"#gray1"}}},{"from":[9.5,6.25,9.5],"to":[10,7,9.75],"faces":{"up":{"uv":[9.5,9.5,10,9.75],"texture":"#gray1"},"north":{"uv":[6,9,6.5,9.75],"texture":"#gray1"},"south":{"uv":[9.5,9,10,9.75],"texture":"#gray1"},"west":{"uv":[9.5,9,9.75,9.75],"texture":"#gray1"},"east":{"uv":[6.25,9,6.5,9.75],"texture":"#gray1"}}},{"from":[9.5,11.75,8.75],"to":[9.75,12,10],"faces":{"down":{"uv":[9.5,6,9.75,7.25],"texture":"#particle"},"up":{"uv":[9.5,8.75,9.75,10],"texture":"#particle"},"north":{"uv":[6.25,4,6.5,4.25],"texture":"#particle"},"south":{"uv":[9.5,4,9.75,4.25],"texture":"#particle"},"west":{"uv":[8.75,4,10,4.25],"texture":"#particle"},"east":{"uv":[6,4,7.25,4.25],"texture":"#particle"}}},{"from":[9.75,7,9],"to":[10.25,8,9.25],"faces":{"down":{"uv":[9.75,6.75,10.25,7],"texture":"#gray1"},"up":{"uv":[9.75,9,10.25,9.25],"texture":"#gray1"},"north":{"uv":[5.75,8,6.25,9],"texture":"#gray1"},"west":{"uv":[9,8,9.25,9],"texture":"#gray1"},"east":{"uv":[6.75,8,7,9],"texture":"#gray1"}}},{"from":[9.75,7,9.5],"to":[10.25,8,9.75],"faces":{"down":{"uv":[9.75,6.25,10.25,6.5],"texture":"#gray1"},"up":{"uv":[9.75,9.5,10.25,9.75],"texture":"#gray1"},"south":{"uv":[9.75,8,10.25,9],"texture":"#gray1"},"west":{"uv":[9.5,8,9.75,9],"texture":"#gray1"},"east":{"uv":[6.25,8,6.5,9],"texture":"#gray1"}}},{"from":[9.75,8.75,8.75],"to":[10.5,9,10],"faces":{"down":{"uv":[9.75,6,10.5,7.25],"texture":"#particle"},"up":{"uv":[9.75,8.75,10.5,10],"texture":"#particle"},"north":{"uv":[5.5,7,6.25,7.25],"texture":"#particle"},"south":{"uv":[9.75,7,10.5,7.25],"texture":"#particle"},"west":{"uv":[8.75,7,10,7.25],"texture":"#particle"},"east":{"uv":[6,7,7.25,7.25],"texture":"#particle"}}},{"from":[9.75,9,9.25],"to":[10.5,9.25,9.5],"faces":{"east":{"uv":[6.5,6.75,6.75,7],"texture":"#particle"}}},{"from":[10,6.5,9],"to":[10.25,7,9.25],"faces":{"down":{"uv":[10,6.75,10.25,7],"texture":"#gray1"},"north":{"uv":[5.75,9,6,9.5],"texture":"#gray1"},"east":{"uv":[6.75,9,7,9.5],"texture":"#gray1"}}},{"from":[10,6.5,9.5],"to":[10.25,7,9.75],"faces":{"down":{"uv":[10,6.25,10.25,6.5],"texture":"#gray1"},"south":{"uv":[10,9,10.25,9.5],"texture":"#gray1"},"east":{"uv":[6.25,9,6.5,9.5],"texture":"#gray1"}}},{"from":[10,8,9],"to":[10.5,8.75,9.25],"faces":{"down":{"uv":[10,6.75,10.5,7],"texture":"#gray1"},"north":{"uv":[5.5,7.25,6,8],"texture":"#gray1"},"south":{"uv":[10,7.25,10.5,8],"texture":"#gray1"},"west":{"uv":[9,7.25,9.25,8],"texture":"#gray1"},"east":{"uv":[6.75,7.25,7,8],"texture":"#gray1"}}},{"from":[10,8,9.5],"to":[10.5,8.75,9.75],"faces":{"down":{"uv":[10,6.25,10.5,6.5],"texture":"#gray1"},"north":{"uv":[5.5,7.25,6,8],"texture":"#gray1"},"south":{"uv":[10,7.25,10.5,8],"texture":"#gray1"},"west":{"uv":[9.5,7.25,9.75,8],"texture":"#gray1"},"east":{"uv":[6.25,7.25,6.5,8],"texture":"#gray1"}}},{"from":[10,11.75,8.75],"to":[10.25,12,10],"faces":{"down":{"uv":[10,6,10.25,7.25],"texture":"#particle"},"up":{"uv":[10,8.75,10.25,10],"texture":"#particle"},"north":{"uv":[5.75,4,6,4.25],"texture":"#particle"},"south":{"uv":[10,4,10.25,4.25],"texture":"#particle"},"west":{"uv":[8.75,4,10,4.25],"texture":"#particle"},"east":{"uv":[6,4,7.25,4.25],"texture":"#particle"}}},{"from":[10.25,8,9.25],"to":[10.5,8.75,9.5],"faces":{"down":{"uv":[10.25,6.5,10.5,6.75],"texture":"#gray1"},"east":{"uv":[6.5,7.25,6.75,8],"texture":"#gray1"}}},{"from":[10.25,11,8.5],"to":[13.5,11.5,9.25],"faces":{"down":{"uv":[10.25,6.75,13.5,7.5],"texture":"#particle"},"up":{"uv":[10.25,8.5,13.5,9.25],"texture":"#particle"},"north":{"uv":[2.5,4.5,5.75,5],"texture":"#particle"},"south":{"uv":[10.25,4.5,13.5,5],"texture":"#particle"},"west":{"uv":[8.5,4.5,9.25,5],"texture":"#particle"},"east":{"uv":[6.75,4.5,7.5,5],"texture":"#particle"}}},{"from":[10.5,8.75,9],"to":[11.75,9,9.75],"faces":{"down":{"uv":[10.5,6.25,11.75,7],"texture":"#particle"},"up":{"uv":[10.5,9,11.75,9.75],"texture":"#particle"},"north":{"uv":[4.25,7,5.5,7.25],"texture":"#particle"},"south":{"uv":[10.5,7,11.75,7.25],"texture":"#particle"}}},{"from":[10.5,9.5,9],"to":[12.75,10.25,9.75],"faces":{"down":{"uv":[10.5,6.25,12.75,7],"texture":"#particle"},"north":{"uv":[3.25,5.75,5.5,6.5],"texture":"#particle"},"south":{"uv":[10.5,5.75,12.75,6.5],"texture":"#particle"},"east":{"uv":[6.25,5.75,7,6.5],"texture":"#particle"}}},{"from":[10.5,9.75,8.75],"to":[12.75,10.25,9],"faces":{"down":{"uv":[10.5,7,12.75,7.25],"texture":"#particle"},"north":{"uv":[3.25,5.75,5.5,6.25],"texture":"#particle"},"east":{"uv":[7,5.75,7.25,6.25],"texture":"#particle"}}},{"from":[10.5,9.75,9.75],"to":[12.75,10.25,10],"faces":{"down":{"uv":[10.5,6,12.75,6.25],"texture":"#particle"},"south":{"uv":[10.5,5.75,12.75,6.25],"texture":"#particle"},"east":{"uv":[6,5.75,6.25,6.25],"texture":"#particle"}}},{"from":[10.5,11,8.25],"to":[11.25,11.5,8.5],"faces":{"down":{"uv":[10.5,7.5,11.25,7.75],"texture":"#particle"},"up":{"uv":[10.5,8.25,11.25,8.5],"texture":"#particle"},"north":{"uv":[4.75,4.5,5.5,5],"texture":"#particle"},"west":{"uv":[8.25,4.5,8.5,5],"texture":"#particle"},"east":{"uv":[7.5,4.5,7.75,5],"texture":"#particle"}}},{"from":[10.5,11.75,8.75],"to":[10.75,12,10],"faces":{"down":{"uv":[10.5,6,10.75,7.25],"texture":"#particle"},"up":{"uv":[10.5,8.75,10.75,10],"texture":"#particle"},"north":{"uv":[5.25,4,5.5,4.25],"texture":"#particle"},"south":{"uv":[10.5,4,10.75,4.25],"texture":"#particle"},"west":{"uv":[8.75,4,10,4.25],"texture":"#particle"},"east":{"uv":[6,4,7.25,4.25],"texture":"#particle"}}},{"from":[11,9,9.25],"to":[11.25,9.25,9.5],"faces":{"up":{"uv":[11,9.25,11.25,9.5],"texture":"#gray1"},"north":{"uv":[4.75,6.75,5,7],"texture":"#gray1"},"south":{"uv":[11,6.75,11.25,7],"texture":"#gray1"},"west":{"uv":[9.25,6.75,9.5,7],"texture":"#gray1"},"east":{"uv":[6.5,6.75,6.75,7],"texture":"#gray1"}}},{"from":[11,11,8],"to":[11.25,11.5,8.25],"faces":{"down":{"uv":[11,7.75,11.25,8],"texture":"#particle"},"up":{"uv":[11,8,11.25,8.25],"texture":"#particle"},"north":{"uv":[4.75,4.5,5,5],"texture":"#particle"},"west":{"uv":[8,4.5,8.25,5],"texture":"#particle"},"east":{"uv":[7.75,4.5,8,5],"texture":"#particle"}}},{"from":[11,11.75,8.75],"to":[11.25,12,10],"faces":{"down":{"uv":[11,6,11.25,7.25],"texture":"#particle"},"up":{"uv":[11,8.75,11.25,10],"texture":"#particle"},"north":{"uv":[4.75,4,5,4.25],"texture":"#particle"},"south":{"uv":[11,4,11.25,4.25],"texture":"#particle"},"west":{"uv":[8.75,4,10,4.25],"texture":"#particle"},"east":{"uv":[6,4,7.25,4.25],"texture":"#particle"}}},{"from":[11.25,9.25,9.25],"to":[11.5,9.5,9.5],"faces":{"down":{"uv":[11.25,6.5,11.5,6.75],"texture":"#gray1"},"north":{"uv":[4.5,6.5,4.75,6.75],"texture":"#gray1"},"south":{"uv":[11.25,6.5,11.5,6.75],"texture":"#gray1"},"west":{"uv":[9.25,6.5,9.5,6.75],"texture":"#gray1"},"east":{"uv":[6.5,6.5,6.75,6.75],"texture":"#gray1"}}},{"from":[11.5,11.75,8.75],"to":[11.75,12,10],"faces":{"down":{"uv":[11.5,6,11.75,7.25],"texture":"#particle"},"up":{"uv":[11.5,8.75,11.75,10],"texture":"#particle"},"north":{"uv":[4.25,4,4.5,4.25],"texture":"#particle"},"south":{"uv":[11.5,4,11.75,4.25],"texture":"#particle"},"west":{"uv":[8.75,4,10,4.25],"texture":"#particle"},"east":{"uv":[6,4,7.25,4.25],"texture":"#particle"}}},{"from":[11.75,8.75,8.75],"to":[13.25,9,9.75],"faces":{"down":{"uv":[11.75,6.25,13.25,7.25],"texture":"#tan4"},"up":{"uv":[11.75,8.75,13.25,9.75],"texture":"#tan4"},"north":{"uv":[2.75,7,4.25,7.25],"texture":"#tan4"},"south":{"uv":[11.75,7,13.25,7.25],"texture":"#tan4"},"west":{"uv":[8.75,7,9.75,7.25],"texture":"#tan4"},"east":{"uv":[6.25,7,7.25,7.25],"texture":"#tan4"}}},{"from":[11.75,9,8.75],"to":[13,9.5,10],"faces":{"down":{"uv":[11.75,6,13,7.25],"texture":"#tan4"},"up":{"uv":[11.75,8.75,13,10],"texture":"#tan4"},"north":{"uv":[3,6.5,4.25,7],"texture":"#tan4"},"south":{"uv":[11.75,6.5,13,7],"texture":"#tan4"},"west":{"uv":[8.75,6.5,10,7],"texture":"#tan4"},"east":{"uv":[6,6.5,7.25,7],"texture":"#tan4"}}},{"from":[11.75,9.5,8.75],"to":[12.75,9.75,9],"faces":{"north":{"uv":[3.25,6.25,4.25,6.5],"texture":"#tan4"},"west":{"uv":[8.75,6.25,9,6.5],"texture":"#tan4"},"east":{"uv":[7,6.25,7.25,6.5],"texture":"#tan4"}}},{"from":[11.75,9.5,9.75],"to":[12.75,9.75,10],"faces":{"south":{"uv":[11.75,6.25,12.75,6.5],"texture":"#tan4"},"west":{"uv":[9.75,6.25,10,6.5],"texture":"#tan4"},"east":{"uv":[6,6.25,6.25,6.5],"texture":"#tan4"}}},{"from":[12,8.25,9],"to":[13.75,8.5,9.75],"faces":{"down":{"uv":[12,6.25,13.75,7],"texture":"#tan4"},"up":{"uv":[12,9,13.75,9.75],"texture":"#tan4"},"north":{"uv":[2.25,7.5,4,7.75],"texture":"#tan4"},"south":{"uv":[12,7.5,13.75,7.75],"texture":"#tan4"},"west":{"uv":[9,7.5,9.75,7.75],"texture":"#tan4"},"east":{"uv":[6.25,7.5,7,7.75],"texture":"#tan4"}}},{"from":[12,8.5,9],"to":[13.5,8.75,9.75],"faces":{"up":{"uv":[12,9,13.5,9.75],"texture":"#tan4"},"north":{"uv":[2.5,7.25,4,7.5],"texture":"#tan4"},"south":{"uv":[12,7.25,13.5,7.5],"texture":"#tan4"},"west":{"uv":[9,7.25,9.75,7.5],"texture":"#tan4"},"east":{"uv":[6.25,7.25,7,7.5],"texture":"#tan4"}}},{"from":[12,8.75,9.75],"to":[13.25,9,10],"faces":{"down":{"uv":[12,6,13.25,6.25],"texture":"#tan4"},"up":{"uv":[12,9.75,13.25,10],"texture":"#tan4"},"south":{"uv":[12,7,13.25,7.25],"texture":"#tan4"},"west":{"uv":[9.75,7,10,7.25],"texture":"#tan4"},"east":{"uv":[6,7,6.25,7.25],"texture":"#tan4"}}},{"from":[12,10,10],"to":[12.5,10.25,10.25],"faces":{"down":{"uv":[12,5.75,12.5,6],"texture":"#particle"},"up":{"uv":[12,10,12.5,10.25],"texture":"#particle"},"south":{"uv":[12,5.75,12.5,6],"texture":"#particle"},"west":{"uv":[10,5.75,10.25,6],"texture":"#particle"},"east":{"uv":[5.75,5.75,6,6],"texture":"#particle"}}},{"from":[12,11.75,8.75],"to":[12.25,12,10],"faces":{"down":{"uv":[12,6,12.25,7.25],"texture":"#particle"},"up":{"uv":[12,8.75,12.25,10],"texture":"#particle"},"north":{"uv":[3.75,4,4,4.25],"texture":"#particle"},"south":{"uv":[12,4,12.25,4.25],"texture":"#particle"},"west":{"uv":[8.75,4,10,4.25],"texture":"#particle"},"east":{"uv":[6,4,7.25,4.25],"texture":"#particle"}}},{"from":[12.25,7.75,9],"to":[14,8,9.75],"faces":{"down":{"uv":[12.25,6.25,14,7],"texture":"#tan4"},"up":{"uv":[12.25,9,14,9.75],"texture":"#tan4"},"north":{"uv":[2,8,3.75,8.25],"texture":"#tan4"},"south":{"uv":[12.25,8,14,8.25],"texture":"#tan4"},"west":{"uv":[9,8,9.75,8.25],"texture":"#tan4"},"east":{"uv":[6.25,8,7,8.25],"texture":"#tan4"}}},{"from":[12.25,8,9],"to":[13.75,8.25,9.75],"faces":{"north":{"uv":[2.25,7.75,3.75,8],"texture":"#tan4"},"south":{"uv":[12.25,7.75,13.75,8],"texture":"#tan4"},"west":{"uv":[9,7.75,9.75,8],"texture":"#tan4"},"east":{"uv":[6.25,7.75,7,8],"texture":"#tan4"}}},{"from":[12.25,8.25,8.75],"to":[13.5,8.5,9],"faces":{"down":{"uv":[12.25,7,13.5,7.25],"texture":"#tan4"},"up":{"uv":[12.25,8.75,13.5,9],"texture":"#tan4"},"north":{"uv":[2.5,7.5,3.75,7.75],"texture":"#tan4"},"west":{"uv":[8.75,7.5,9,7.75],"texture":"#tan4"},"east":{"uv":[7,7.5,7.25,7.75],"texture":"#tan4"}}},{"from":[12.25,8.25,9.75],"to":[13.5,8.5,10],"faces":{"down":{"uv":[12.25,6,13.5,6.25],"texture":"#tan4"},"up":{"uv":[12.25,9.75,13.5,10],"texture":"#tan4"},"south":{"uv":[12.25,7.5,13.5,7.75],"texture":"#tan4"},"west":{"uv":[9.75,7.5,10,7.75],"texture":"#tan4"},"east":{"uv":[6,7.5,6.25,7.75],"texture":"#tan4"}}},{"from":[12.25,8.5,8.75],"to":[13.25,8.75,9],"faces":{"north":{"uv":[2.75,7.25,3.75,7.5],"texture":"#tan4"},"west":{"uv":[8.75,7.25,9,7.5],"texture":"#tan4"},"east":{"uv":[7,7.25,7.25,7.5],"texture":"#tan4"}}},{"from":[12.25,8.5,9.75],"to":[13.25,8.75,10],"faces":{"south":{"uv":[12.25,7.25,13.25,7.5],"texture":"#tan4"},"west":{"uv":[9.75,7.25,10,7.5],"texture":"#tan4"},"east":{"uv":[6,7.25,6.25,7.5],"texture":"#tan4"}}},{"from":[12.5,6.75,9],"to":[13,7.75,9.75],"faces":{"down":{"uv":[12.5,6.25,13,7],"texture":"#tan4"},"north":{"uv":[3,8.25,3.5,9.25],"texture":"#tan4"},"south":{"uv":[12.5,8.25,13,9.25],"texture":"#tan4"},"west":{"uv":[9,8.25,9.75,9.25],"texture":"#tan4"},"east":{"uv":[6.25,8.25,7,9.25],"texture":"#tan4"}}},{"from":[12.5,7.75,8.75],"to":[13.75,8,9],"faces":{"down":{"uv":[12.5,7,13.75,7.25],"texture":"#tan4"},"up":{"uv":[12.5,8.75,13.75,9],"texture":"#tan4"},"north":{"uv":[2.25,8,3.5,8.25],"texture":"#tan4"},"west":{"uv":[8.75,8,9,8.25],"texture":"#tan4"},"east":{"uv":[7,8,7.25,8.25],"texture":"#tan4"}}},{"from":[12.5,7.75,9.75],"to":[13.75,8,10],"faces":{"down":{"uv":[12.5,6,13.75,6.25],"texture":"#tan4"},"up":{"uv":[12.5,9.75,13.75,10],"texture":"#tan4"},"south":{"uv":[12.5,8,13.75,8.25],"texture":"#tan4"},"west":{"uv":[9.75,8,10,8.25],"texture":"#tan4"},"east":{"uv":[6,8,6.25,8.25],"texture":"#tan4"}}},{"from":[12.5,8,8.75],"to":[13.5,8.25,9],"faces":{"north":{"uv":[2.5,7.75,3.5,8],"texture":"#tan4"},"west":{"uv":[8.75,7.75,9,8],"texture":"#tan4"},"east":{"uv":[7,7.75,7.25,8],"texture":"#tan4"}}},{"from":[12.5,8,9.75],"to":[13.5,8.25,10],"faces":{"south":{"uv":[12.5,7.75,13.5,8],"texture":"#tan4"},"west":{"uv":[9.75,7.75,10,8],"texture":"#tan4"},"east":{"uv":[6,7.75,6.25,8],"texture":"#tan4"}}},{"from":[12.5,11.75,8.75],"to":[12.75,12,10],"faces":{"down":{"uv":[12.5,6,12.75,7.25],"texture":"#particle"},"up":{"uv":[12.5,8.75,12.75,10],"texture":"#particle"},"north":{"uv":[3.25,4,3.5,4.25],"texture":"#particle"},"south":{"uv":[12.5,4,12.75,4.25],"texture":"#particle"},"west":{"uv":[8.75,4,10,4.25],"texture":"#particle"},"east":{"uv":[6,4,7.25,4.25],"texture":"#particle"}}},{"from":[12.75,7,8.75],"to":[13,7.75,9],"faces":{"down":{"uv":[12.75,7,13,7.25],"texture":"#tan4"},"north":{"uv":[3,8.25,3.25,9],"texture":"#tan4"},"west":{"uv":[8.75,8.25,9,9],"texture":"#tan4"},"east":{"uv":[7,8.25,7.25,9],"texture":"#tan4"}}},{"from":[12.75,7,9.75],"to":[13,7.75,10],"faces":{"down":{"uv":[12.75,6,13,6.25],"texture":"#tan4"},"south":{"uv":[12.75,8.25,13,9],"texture":"#tan4"},"west":{"uv":[9.75,8.25,10,9],"texture":"#tan4"},"east":{"uv":[6,8.25,6.25,9],"texture":"#tan4"}}},{"from":[12.75,9.5,9],"to":[13,10,9.75],"faces":{"north":{"uv":[3,6,3.25,6.5],"texture":"#tan4"},"south":{"uv":[12.75,6,13,6.5],"texture":"#tan4"},"east":{"uv":[6.25,6,7,6.5],"texture":"#tan4"}}},{"from":[12.75,9.75,8.75],"to":[13,10,9],"faces":{"down":{"uv":[12.75,7,13,7.25],"texture":"#tan4"},"north":{"uv":[3,6,3.25,6.25],"texture":"#tan4"},"east":{"uv":[7,6,7.25,6.25],"texture":"#tan4"}}},{"from":[12.75,9.75,9.75],"to":[13,10,10],"faces":{"down":{"uv":[12.75,6,13,6.25],"texture":"#tan4"},"south":{"uv":[12.75,6,13,6.25],"texture":"#tan4"},"east":{"uv":[6,6,6.25,6.25],"texture":"#tan4"}}},{"from":[12.75,10,8.75],"to":[13,10.25,10],"faces":{"down":{"uv":[12.75,6,13,7.25],"texture":"#particle"},"up":{"uv":[12.75,8.75,13,10],"texture":"#particle"},"north":{"uv":[3,5.75,3.25,6],"texture":"#particle"},"south":{"uv":[12.75,5.75,13,6],"texture":"#particle"},"west":{"uv":[8.75,5.75,10,6],"texture":"#particle"},"east":{"uv":[6,5.75,7.25,6],"texture":"#particle"}}},{"from":[12.75,11.5,8.75],"to":[13.5,11.75,10],"faces":{"down":{"uv":[12.75,6,13.5,7.25],"texture":"#gray1"},"up":{"uv":[12.75,8.75,13.5,10],"texture":"#gray1"},"north":{"uv":[2.5,4.25,3.25,4.5],"texture":"#gray1"},"south":{"uv":[12.75,4.25,13.5,4.5],"texture":"#gray1"},"west":{"uv":[8.75,4.25,10,4.5],"texture":"#gray1"},"east":{"uv":[6,4.25,7.25,4.5],"texture":"#gray1"}}},{"from":[13,7,9],"to":[13.5,7.75,9.75],"faces":{"down":{"uv":[13,6.25,13.5,7],"texture":"#tan4"},"north":{"uv":[2.5,8.25,3,9],"texture":"#tan4"},"south":{"uv":[13,8.25,13.5,9],"texture":"#tan4"},"east":{"uv":[6.25,8.25,7,9],"texture":"#tan4"}}},{"from":[13,7.25,8.75],"to":[13.5,7.75,9],"faces":{"down":{"uv":[13,7,13.5,7.25],"texture":"#tan4"},"north":{"uv":[2.5,8.25,3,8.75],"texture":"#tan4"},"east":{"uv":[7,8.25,7.25,8.75],"texture":"#tan4"}}},{"from":[13,7.25,9.75],"to":[13.5,7.75,10],"faces":{"down":{"uv":[13,6,13.5,6.25],"texture":"#tan4"},"south":{"uv":[13,8.25,13.5,8.75],"texture":"#tan4"},"east":{"uv":[6,8.25,6.25,8.75],"texture":"#tan4"}}},{"from":[13,9,9],"to":[13.25,9.5,9.75],"faces":{"up":{"uv":[13,9,13.25,9.75],"texture":"#tan4"},"north":{"uv":[2.75,6.5,3,7],"texture":"#tan4"},"south":{"uv":[13,6.5,13.25,7],"texture":"#tan4"},"east":{"uv":[6.25,6.5,7,7],"texture":"#tan4"}}},{"from":[13,9.75,9],"to":[13.25,10.25,9.75],"faces":{"down":{"uv":[13,6.25,13.25,7],"texture":"#tan4"},"north":{"uv":[2.75,5.75,3,6.25],"texture":"#tan4"},"south":{"uv":[13,5.75,13.25,6.25],"texture":"#tan4"},"west":{"uv":[9,5.75,9.75,6.25],"texture":"#tan4"},"east":{"uv":[6.25,5.75,7,6.25],"texture":"#tan4"}}},{"from":[13,10,8.75],"to":[13.25,10.25,9],"faces":{"down":{"uv":[13,7,13.25,7.25],"texture":"#tan4"},"north":{"uv":[2.75,5.75,3,6],"texture":"#tan4"}}},{"from":[13,10,9.75],"to":[13.25,10.25,10],"faces":{"down":{"uv":[13,6,13.25,6.25],"texture":"#tan4"},"south":{"uv":[13,5.75,13.25,6],"texture":"#tan4"}}},{"from":[13,11.5,8.25],"to":[13.25,11.75,8.75],"faces":{"down":{"uv":[13,7.25,13.25,7.75],"texture":"#gray1"},"up":{"uv":[13,8.25,13.25,8.75],"texture":"#gray1"},"north":{"uv":[2.75,4.25,3,4.5],"texture":"#gray1"},"west":{"uv":[8.25,4.25,8.75,4.5],"texture":"#gray1"},"east":{"uv":[7.25,4.25,7.75,4.5],"texture":"#gray1"}}},{"from":[13,11.5,10],"to":[13.25,11.75,10.5],"faces":{"down":{"uv":[13,5.5,13.25,6],"texture":"#gray1"},"up":{"uv":[13,10,13.25,10.5],"texture":"#gray1"},"south":{"uv":[13,4.25,13.25,4.5],"texture":"#gray1"},"west":{"uv":[10,4.25,10.5,4.5],"texture":"#gray1"},"east":{"uv":[5.5,4.25,6,4.5],"texture":"#gray1"}}},{"from":[13.25,8.75,9],"to":[13.5,9,9.75],"faces":{"up":{"uv":[13.25,9,13.5,9.75],"texture":"#tan4"},"north":{"uv":[2.5,7,2.75,7.25],"texture":"#tan4"},"south":{"uv":[13.25,7,13.5,7.25],"texture":"#tan4"},"east":{"uv":[6.25,7,7,7.25],"texture":"#tan4"}}},{"from":[13.25,10,8.75],"to":[13.5,10.25,10],"faces":{"down":{"uv":[13.25,6,13.5,7.25],"texture":"#particle"},"up":{"uv":[13.25,8.75,13.5,10],"texture":"#particle"},"north":{"uv":[2.5,5.75,2.75,6],"texture":"#particle"},"south":{"uv":[13.25,5.75,13.5,6],"texture":"#particle"},"west":{"uv":[8.75,5.75,10,6],"texture":"#particle"},"east":{"uv":[6,5.75,7.25,6],"texture":"#particle"}}},{"from":[13.5,7.25,9],"to":[14,7.75,9.75],"faces":{"down":{"uv":[13.5,6.25,14,7],"texture":"#tan4"},"north":{"uv":[2,8.25,2.5,8.75],"texture":"#tan4"},"south":{"uv":[13.5,8.25,14,8.75],"texture":"#tan4"},"east":{"uv":[6.25,8.25,7,8.75],"texture":"#tan4"}}},{"from":[13.5,7.5,8.75],"to":[14,7.75,9],"faces":{"down":{"uv":[13.5,7,14,7.25],"texture":"#tan4"},"up":{"uv":[13.5,8.75,14,9],"texture":"#tan4"},"north":{"uv":[2,8.25,2.5,8.5],"texture":"#tan4"},"east":{"uv":[7,8.25,7.25,8.5],"texture":"#tan4"}}},{"from":[13.5,7.5,9.75],"to":[13.75,7.75,10],"faces":{"down":{"uv":[13.5,6,13.75,6.25],"texture":"#tan4"},"south":{"uv":[13.5,8.25,13.75,8.5],"texture":"#tan4"},"east":{"uv":[6,8.25,6.25,8.5],"texture":"#tan4"}}},{"from":[13.5,10.75,9],"to":[18.25,11,9.25],"faces":{"down":{"uv":[13.5,6.75,16,7],"texture":"#particle","cullface":"east"},"up":{"uv":[13.5,9,16,9.25],"texture":"#particle","cullface":"east"},"north":{"uv":[0,5,2.5,5.25],"texture":"#particle","cullface":"east"},"south":{"uv":[13.5,5,16,5.25],"texture":"#particle","cullface":"east"}}},{"from":[13.5,10.75,9.25],"to":[13.75,11,9.75],"faces":{"down":{"uv":[13.5,6.25,13.75,6.75],"texture":"#particle"},"south":{"uv":[13.5,5,13.75,5.25],"texture":"#particle"}}},{"from":[13.5,11,8.75],"to":[18.25,11.25,9],"faces":{"down":{"uv":[13.5,7,16,7.25],"texture":"#particle","cullface":"east"},"up":{"uv":[13.5,8.75,16,9],"texture":"#particle","cullface":"east"},"north":{"uv":[0,4.75,2.5,5],"texture":"#particle","cullface":"east"},"south":{"uv":[13.5,4.75,16,5],"texture":"#particle","cullface":"east"}}},{"from":[13.5,11,9],"to":[13.75,11.5,9.25],"faces":{"up":{"uv":[13.5,9,13.75,9.25],"texture":"#particle"},"north":{"uv":[2.25,4.5,2.5,5],"texture":"#particle"},"south":{"uv":[13.5,4.5,13.75,5],"texture":"#particle"},"east":{"uv":[6.75,4.5,7,5],"texture":"#particle"}}},{"from":[13.5,11,9.75],"to":[13.75,11.25,10],"faces":{"down":{"uv":[13.5,6,13.75,6.25],"texture":"#particle"},"up":{"uv":[13.5,9.75,13.75,10],"texture":"#particle"},"south":{"uv":[13.5,4.75,13.75,5],"texture":"#particle"}}},{"from":[13.75,10.25,8.5],"to":[15,10.5,9.75],"faces":{"down":{"uv":[13.75,6.25,15,7.5],"texture":"#tan4"},"up":{"uv":[13.75,8.5,15,9.75],"texture":"#tan4"},"north":{"uv":[1,5.5,2.25,5.75],"texture":"#tan4"},"south":{"uv":[13.75,5.5,15,5.75],"texture":"#tan4"},"west":{"uv":[8.5,5.5,9.75,5.75],"texture":"#tan4"},"east":{"uv":[6.25,5.5,7.5,5.75],"texture":"#tan4"}}},{"from":[13.75,10.25,9.75],"to":[14.75,10.5,10],"faces":{"down":{"uv":[13.75,6,14.75,6.25],"texture":"#tan4"},"up":{"uv":[13.75,9.75,14.75,10],"texture":"#tan4"},"south":{"uv":[13.75,5.5,14.75,5.75],"texture":"#tan4"},"west":{"uv":[9.75,5.5,10,5.75],"texture":"#tan4"}}},{"from":[13.75,10.5,8.5],"to":[14,11.25,8.75],"faces":{"up":{"uv":[13.75,8.5,14,8.75],"texture":"#tan4"},"north":{"uv":[2,4.75,2.25,5.5],"texture":"#tan4"},"south":{"uv":[13.75,4.75,14,5.5],"texture":"#tan4"},"west":{"uv":[8.5,4.75,8.75,5.5],"texture":"#tan4"},"east":{"uv":[7.25,4.75,7.5,5.5],"texture":"#tan4"}}},{"from":[13.75,10.5,8.75],"to":[14,11,9],"faces":{"south":{"uv":[13.75,5,14,5.5],"texture":"#tan4"},"west":{"uv":[8.75,5,9,5.5],"texture":"#tan4"},"east":{"uv":[7,5,7.25,5.5],"texture":"#tan4"}}},{"from":[13.75,10.5,9],"to":[18.25,10.75,9.75],"faces":{"down":{"uv":[13.75,6.25,16,7],"texture":"#tan4","cullface":"east"},"up":{"uv":[13.75,9,16,9.75],"texture":"#tan4","cullface":"east"},"north":{"uv":[0,5.25,2.25,5.5],"texture":"#tan4","cullface":"east"},"south":{"uv":[13.75,5.25,16,5.5],"texture":"#tan4","cullface":"east"},"west":{"uv":[9,5.25,9.75,5.5],"texture":"#tan4","cullface":"east"}}},{"from":[13.75,10.5,9.75],"to":[14.5,11.5,10],"faces":{"up":{"uv":[13.75,9.75,14.5,10],"texture":"#tan4"},"north":{"uv":[1.5,4.5,2.25,5.5],"texture":"#tan4"},"south":{"uv":[13.75,4.5,14.5,5.5],"texture":"#tan4"},"west":{"uv":[9.75,4.5,10,5.5],"texture":"#tan4"},"east":{"uv":[6,4.5,6.25,5.5],"texture":"#tan4"}}},{"from":[13.75,10.5,10],"to":[14.5,10.75,10.25],"faces":{"down":{"uv":[13.75,5.75,14.5,6],"texture":"#tan4"},"up":{"uv":[13.75,10,14.5,10.25],"texture":"#tan4"},"south":{"uv":[13.75,5.25,14.5,5.5],"texture":"#tan4"},"west":{"uv":[10,5.25,10.25,5.5],"texture":"#tan4"},"east":{"uv":[5.75,5.25,6,5.5],"texture":"#tan4"}}},{"from":[13.75,10.75,9.25],"to":[18.25,11,9.75],"faces":{"south":{"uv":[13.75,5,16,5.25],"texture":"#tan4","cullface":"east"}}},{"from":[13.75,10.75,10],"to":[14,11.25,10.25],"faces":{"up":{"uv":[13.75,10,14,10.25],"texture":"#tan4"},"south":{"uv":[13.75,4.75,14,5.25],"texture":"#tan4"},"west":{"uv":[10,4.75,10.25,5.25],"texture":"#tan4"},"east":{"uv":[5.75,4.75,6,5.25],"texture":"#tan4"}}},{"from":[13.75,11,9],"to":[18.25,11.25,9.25],"faces":{"up":{"uv":[13.75,9,16,9.25],"texture":"#tan4","cullface":"east"}}},{"from":[13.75,11.25,8.75],"to":[18,11.5,9.75],"faces":{"down":{"uv":[13.75,6.25,16,7.25],"texture":"#tan4","cullface":"east"},"up":{"uv":[13.75,8.75,16,9.75],"texture":"#tan4","cullface":"east"},"north":{"uv":[0,4.5,2.25,4.75],"texture":"#tan4","cullface":"east"},"south":{"uv":[13.75,4.5,16,4.75],"texture":"#tan4","cullface":"east"},"west":{"uv":[8.75,4.5,9.75,4.75],"texture":"#tan4","cullface":"east"}}},{"from":[14,7.5,9],"to":[14.25,7.75,9.75],"faces":{"down":{"uv":[14,6.25,14.25,7],"texture":"#tan4"},"up":{"uv":[14,9,14.25,9.75],"texture":"#tan4"},"north":{"uv":[1.75,8.25,2,8.5],"texture":"#tan4"},"south":{"uv":[14,8.25,14.25,8.5],"texture":"#tan4"},"east":{"uv":[6.25,8.25,7,8.5],"texture":"#tan4"}}},{"from":[14,10.75,8.75],"to":[18.25,11,9],"faces":{"down":{"uv":[14,7,16,7.25],"texture":"#tan4","cullface":"east"},"north":{"uv":[0,5,2,5.25],"texture":"#tan4","cullface":"east"}}},{"from":[14,11,8.5],"to":[18,11.25,8.75],"faces":{"down":{"uv":[14,7.25,16,7.5],"texture":"#tan4","cullface":"east"},"up":{"uv":[14,8.5,16,8.75],"texture":"#tan4","cullface":"east"},"north":{"uv":[0,4.75,2,5],"texture":"#tan4","cullface":"east"}}},{"from":[14,11,10],"to":[18,11.25,10.25],"faces":{"down":{"uv":[14,5.75,16,6],"texture":"#tan4","cullface":"east"},"up":{"uv":[14,10,16,10.25],"texture":"#tan4","cullface":"east"},"north":{"uv":[0,4.75,2,5],"texture":"#tan4","cullface":"east"},"south":{"uv":[14,4.75,16,5],"texture":"#tan4","cullface":"east"}}},{"from":[14.25,10,8.75],"to":[15.5,10.25,10],"faces":{"down":{"uv":[14.25,6,15.5,7.25],"texture":"#tan4"},"up":{"uv":[14.25,8.75,15.5,10],"texture":"#tan4"},"north":{"uv":[0.5,5.75,1.75,6],"texture":"#tan4"},"south":{"uv":[14.25,5.75,15.5,6],"texture":"#tan4"},"west":{"uv":[8.75,5.75,10,6],"texture":"#tan4"},"east":{"uv":[6,5.75,7.25,6],"texture":"#tan4"}}},{"from":[14.25,10.25,10],"to":[14.75,10.5,10.25],"faces":{"down":{"uv":[14.25,5.75,14.75,6],"texture":"#tan4"},"up":{"uv":[14.25,10,14.75,10.25],"texture":"#tan4"},"south":{"uv":[14.25,5.5,14.75,5.75],"texture":"#tan4"},"west":{"uv":[10,5.5,10.25,5.75],"texture":"#tan4"},"east":{"uv":[5.75,5.5,6,5.75],"texture":"#tan4"}}},{"from":[14.5,9.75,8.75],"to":[15.75,10,10],"faces":{"down":{"uv":[14.5,6,15.75,7.25],"texture":"#tan4"},"up":{"uv":[14.5,8.75,15.75,10],"texture":"#tan4"},"north":{"uv":[0.25,6,1.5,6.25],"texture":"#tan4"},"south":{"uv":[14.5,6,15.75,6.25],"texture":"#tan4"},"west":{"uv":[8.75,6,10,6.25],"texture":"#tan4"},"east":{"uv":[6,6,7.25,6.25],"texture":"#tan4"}}},{"from":[14.5,10,8.5],"to":[15.25,10.25,8.75],"faces":{"down":{"uv":[14.5,7.25,15.25,7.5],"texture":"#tan4"},"up":{"uv":[14.5,8.5,15.25,8.75],"texture":"#tan4"},"north":{"uv":[0.75,5.75,1.5,6],"texture":"#tan4"},"west":{"uv":[8.5,5.75,8.75,6],"texture":"#tan4"},"east":{"uv":[7.25,5.75,7.5,6],"texture":"#tan4"}}},{"from":[14.5,10,10],"to":[15,10.25,10.25],"faces":{"down":{"uv":[14.5,5.75,15,6],"texture":"#tan4"},"up":{"uv":[14.5,10,15,10.25],"texture":"#tan4"},"south":{"uv":[14.5,5.75,15,6],"texture":"#tan4"},"west":{"uv":[10,5.75,10.25,6],"texture":"#tan4"},"east":{"uv":[5.75,5.75,6,6],"texture":"#tan4"}}},{"from":[14.5,10.75,9.75],"to":[18.25,11.25,10],"faces":{"down":{"uv":[14.5,6,16,6.25],"texture":"#tan4","cullface":"east"},"up":{"uv":[14.5,9.75,16,10],"texture":"#tan4","cullface":"east"},"north":{"uv":[0,4.75,1.5,5.25],"texture":"#tan4","cullface":"east"},"south":{"uv":[14.5,4.75,16,5.25],"texture":"#tan4","cullface":"east"}}},{"from":[14.5,11.25,9.75],"to":[18,11.5,10],"faces":{"up":{"uv":[14.5,9.75,16,10],"texture":"#tan4","cullface":"east"},"south":{"uv":[14.5,4.5,16,4.75],"texture":"#tan4","cullface":"east"}}},{"from":[14.75,10.25,9.75],"to":[15,10.5,10],"faces":{"up":{"uv":[14.75,9.75,15,10],"texture":"#tan4"},"south":{"uv":[14.75,5.5,15,5.75],"texture":"#tan4"},"east":{"uv":[6,5.5,6.25,5.75],"texture":"#tan4"}}},{"from":[15,9.5,8.75],"to":[16,9.75,10],"faces":{"down":{"uv":[15,6,16,7.25],"texture":"#tan4"},"up":{"uv":[15,8.75,16,10],"texture":"#tan4"},"north":{"uv":[0,6.25,1,6.5],"texture":"#tan4"},"south":{"uv":[15,6.25,16,6.5],"texture":"#tan4"},"west":{"uv":[8.75,6.25,10,6.5],"texture":"#tan4"},"east":{"uv":[6,6.25,7.25,6.5],"texture":"#tan4","cullface":"east"}}},{"from":[15,9.75,8.5],"to":[15.5,10,8.75],"faces":{"down":{"uv":[15,7.25,15.5,7.5],"texture":"#tan4"},"up":{"uv":[15,8.5,15.5,8.75],"texture":"#tan4"},"north":{"uv":[0.5,6,1,6.25],"texture":"#tan4"},"west":{"uv":[8.5,6,8.75,6.25],"texture":"#tan4"},"east":{"uv":[7.25,6,7.5,6.25],"texture":"#tan4"}}},{"from":[15,9.75,10],"to":[15.5,10,10.25],"faces":{"down":{"uv":[15,5.75,15.5,6],"texture":"#tan4"},"up":{"uv":[15,10,15.5,10.25],"texture":"#tan4"},"south":{"uv":[15,6,15.5,6.25],"texture":"#tan4"},"west":{"uv":[10,6,10.25,6.25],"texture":"#tan4"},"east":{"uv":[5.75,6,6,6.25],"texture":"#tan4"}}},{"from":[15,10.25,8.75],"to":[15.25,10.5,9.25],"faces":{"up":{"uv":[15,8.75,15.25,9.25],"texture":"#tan4"},"north":{"uv":[0.75,5.5,1,5.75],"texture":"#tan4"},"east":{"uv":[6.75,5.5,7.25,5.75],"texture":"#tan4"}}},{"from":[15,10.25,9.25],"to":[15.5,10.5,9.75],"faces":{"north":{"uv":[0.5,5.5,1,5.75],"texture":"#tan4"},"south":{"uv":[15,5.5,15.5,5.75],"texture":"#tan4"},"east":{"uv":[6.25,5.5,6.75,5.75],"texture":"#tan4"}}},{"from":[15.25,9.25,8.75],"to":[16.25,9.5,10],"faces":{"down":{"uv":[15.25,6,16,7.25],"texture":"#tan4","cullface":"east"},"up":{"uv":[15.25,8.75,16,10],"texture":"#tan4","cullface":"east"},"north":{"uv":[0,6.5,0.75,6.75],"texture":"#tan4","cullface":"east"},"south":{"uv":[15.25,6.5,16,6.75],"texture":"#tan4","cullface":"east"},"west":{"uv":[8.75,6.5,10,6.75],"texture":"#tan4","cullface":"east"},"east":{"uv":[6,6.5,7.25,6.75],"texture":"#tan4","cullface":"east"}}},{"from":[15.25,9.5,8.5],"to":[15.75,9.75,8.75],"faces":{"down":{"uv":[15.25,7.25,15.75,7.5],"texture":"#tan4"},"up":{"uv":[15.25,8.5,15.75,8.75],"texture":"#tan4"},"north":{"uv":[0.25,6.25,0.75,6.5],"texture":"#tan4"},"west":{"uv":[8.5,6.25,8.75,6.5],"texture":"#tan4"},"east":{"uv":[7.25,6.25,7.5,6.5],"texture":"#tan4"}}},{"from":[15.25,9.5,10],"to":[15.75,9.75,10.25],"faces":{"down":{"uv":[15.25,5.75,15.75,6],"texture":"#tan4"},"up":{"uv":[15.25,10,15.75,10.25],"texture":"#tan4"},"south":{"uv":[15.25,6.25,15.75,6.5],"texture":"#tan4"},"west":{"uv":[10,6.25,10.25,6.5],"texture":"#tan4"},"east":{"uv":[5.75,6.25,6,6.5],"texture":"#tan4"}}},{"from":[15.25,10.25,9],"to":[15.5,10.5,9.25],"faces":{"north":{"uv":[0.5,5.5,0.75,5.75],"texture":"#tan4"},"east":{"uv":[6.75,5.5,7,5.75],"texture":"#tan4"}}},{"from":[15.5,9,8.75],"to":[16.5,9.25,10],"faces":{"down":{"uv":[15.5,6,16,7.25],"texture":"#tan4","cullface":"east"},"up":{"uv":[15.5,8.75,16,10],"texture":"#tan4","cullface":"east"},"north":{"uv":[0,6.75,0.5,7],"texture":"#tan4","cullface":"east"},"south":{"uv":[15.5,6.75,16,7],"texture":"#tan4","cullface":"east"},"west":{"uv":[8.75,6.75,10,7],"texture":"#tan4","cullface":"east"},"east":{"uv":[6,6.75,7.25,7],"texture":"#tan4","cullface":"east"}}},{"from":[15.5,9.25,8.5],"to":[16,9.5,8.75],"faces":{"down":{"uv":[15.5,7.25,16,7.5],"texture":"#tan4"},"up":{"uv":[15.5,8.5,16,8.75],"texture":"#tan4"},"north":{"uv":[0,6.5,0.5,6.75],"texture":"#tan4"},"west":{"uv":[8.5,6.5,8.75,6.75],"texture":"#tan4"},"east":{"uv":[7.25,6.5,7.5,6.75],"texture":"#tan4","cullface":"east"}}},{"from":[15.5,9.25,10],"to":[16,9.5,10.25],"faces":{"down":{"uv":[15.5,5.75,16,6],"texture":"#tan4"},"up":{"uv":[15.5,10,16,10.25],"texture":"#tan4"},"south":{"uv":[15.5,6.5,16,6.75],"texture":"#tan4"},"west":{"uv":[10,6.5,10.25,6.75],"texture":"#tan4"},"east":{"uv":[5.75,6.5,6,6.75],"texture":"#tan4","cullface":"east"}}},{"from":[16,8.75,8.75],"to":[16.75,9,10],"faces":{"down":{"uv":[0,6,0.75,7.25],"texture":"#tan4","cullface":"east"},"up":{"uv":[0,8.75,0.75,10],"texture":"#tan4","cullface":"east"},"north":{"uv":[15.25,7,16,7.25],"texture":"#tan4","cullface":"east"},"south":{"uv":[0,7,0.75,7.25],"texture":"#tan4","cullface":"east"},"west":{"uv":[8.75,7,10,7.25],"texture":"#tan4","cullface":"east"},"east":{"uv":[6,7,7.25,7.25],"texture":"#tan4","cullface":"east"}}},{"from":[16,9,8.5],"to":[16.25,9.25,8.75],"faces":{"down":{"uv":[0,7.25,0.25,7.5],"texture":"#tan4","cullface":"east"},"up":{"uv":[0,8.5,0.25,8.75],"texture":"#tan4","cullface":"east"},"north":{"uv":[15.75,6.75,16,7],"texture":"#tan4","cullface":"east"},"west":{"uv":[8.5,6.75,8.75,7],"texture":"#tan4","cullface":"east"},"east":{"uv":[7.25,6.75,7.5,7],"texture":"#tan4","cullface":"east"}}},{"from":[16,9,10],"to":[16.25,9.25,10.25],"faces":{"down":{"uv":[0,5.75,0.25,6],"texture":"#tan4","cullface":"east"},"up":{"uv":[0,10,0.25,10.25],"texture":"#tan4","cullface":"east"},"south":{"uv":[0,6.75,0.25,7],"texture":"#tan4","cullface":"east"},"west":{"uv":[10,6.75,10.25,7],"texture":"#tan4","cullface":"east"},"east":{"uv":[5.75,6.75,6,7],"texture":"#tan4","cullface":"east"}}},{"from":[16.25,8.5,8.75],"to":[17,8.75,10],"faces":{"down":{"uv":[0.25,6,1,7.25],"texture":"#tan4","cullface":"east"},"up":{"uv":[0.25,8.75,1,10],"texture":"#tan4","cullface":"east"},"north":{"uv":[15,7.25,15.75,7.5],"texture":"#tan4","cullface":"east"},"south":{"uv":[0.25,7.25,1,7.5],"texture":"#tan4","cullface":"east"},"west":{"uv":[8.75,7.25,10,7.5],"texture":"#tan4","cullface":"east"},"east":{"uv":[6,7.25,7.25,7.5],"texture":"#tan4","cullface":"east"}}},{"from":[16.25,8.75,8.5],"to":[16.5,9,8.75],"faces":{"down":{"uv":[0.25,7.25,0.5,7.5],"texture":"#tan4","cullface":"east"},"up":{"uv":[0.25,8.5,0.5,8.75],"texture":"#tan4","cullface":"east"},"north":{"uv":[15.5,7,15.75,7.25],"texture":"#tan4","cullface":"east"},"west":{"uv":[8.5,7,8.75,7.25],"texture":"#tan4","cullface":"east"},"east":{"uv":[7.25,7,7.5,7.25],"texture":"#tan4","cullface":"east"}}},{"from":[16.25,8.75,10],"to":[16.5,9,10.25],"faces":{"down":{"uv":[0.25,5.75,0.5,6],"texture":"#tan4","cullface":"east"},"up":{"uv":[0.25,10,0.5,10.25],"texture":"#tan4","cullface":"east"},"south":{"uv":[0.25,7,0.5,7.25],"texture":"#tan4","cullface":"east"},"west":{"uv":[10,7,10.25,7.25],"texture":"#tan4","cullface":"east"},"east":{"uv":[5.75,7,6,7.25],"texture":"#tan4","cullface":"east"}}},{"from":[16.5,8.25,8.75],"to":[18,8.5,10],"faces":{"down":{"uv":[0.5,6,2,7.25],"texture":"#tan4","cullface":"east"},"up":{"uv":[0.5,8.75,2,10],"texture":"#tan4","cullface":"east"},"north":{"uv":[14,7.5,15.5,7.75],"texture":"#tan4","cullface":"east"},"south":{"uv":[0.5,7.5,2,7.75],"texture":"#tan4","cullface":"east"},"west":{"uv":[8.75,7.5,10,7.75],"texture":"#tan4","cullface":"east"}}},{"from":[16.5,8.5,8.5],"to":[16.75,8.75,8.75],"faces":{"down":{"uv":[0.5,7.25,0.75,7.5],"texture":"#tan4","cullface":"east"},"up":{"uv":[0.5,8.5,0.75,8.75],"texture":"#tan4","cullface":"east"},"north":{"uv":[15.25,7.25,15.5,7.5],"texture":"#tan4","cullface":"east"},"west":{"uv":[8.5,7.25,8.75,7.5],"texture":"#tan4","cullface":"east"},"east":{"uv":[7.25,7.25,7.5,7.5],"texture":"#tan4","cullface":"east"}}},{"from":[16.5,8.5,10],"to":[16.75,8.75,10.25],"faces":{"down":{"uv":[0.5,5.75,0.75,6],"texture":"#tan4","cullface":"east"},"up":{"uv":[0.5,10,0.75,10.25],"texture":"#tan4","cullface":"east"},"south":{"uv":[0.5,7.25,0.75,7.5],"texture":"#tan4","cullface":"east"},"west":{"uv":[10,7.25,10.25,7.5],"texture":"#tan4","cullface":"east"},"east":{"uv":[5.75,7.25,6,7.5],"texture":"#tan4","cullface":"east"}}},{"from":[16.75,8,8.75],"to":[17,8.25,10],"faces":{"down":{"uv":[0.75,6,1,7.25],"texture":"#tan4","cullface":"east"},"north":{"uv":[15,7.75,15.25,8],"texture":"#tan4","cullface":"east"},"south":{"uv":[0.75,7.75,1,8],"texture":"#tan4","cullface":"east"},"west":{"uv":[8.75,7.75,10,8],"texture":"#tan4","cullface":"east"}}},{"from":[16.75,8.25,8.5],"to":[17,8.5,8.75],"faces":{"down":{"uv":[0.75,7.25,1,7.5],"texture":"#tan4","cullface":"east"},"up":{"uv":[0.75,8.5,1,8.75],"texture":"#tan4","cullface":"east"},"north":{"uv":[15,7.5,15.25,7.75],"texture":"#tan4","cullface":"east"},"west":{"uv":[8.5,7.5,8.75,7.75],"texture":"#tan4","cullface":"east"},"east":{"uv":[7.25,7.5,7.5,7.75],"texture":"#tan4","cullface":"east"}}},{"from":[16.75,8.25,10],"to":[17,8.5,10.25],"faces":{"down":{"uv":[0.75,5.75,1,6],"texture":"#tan4","cullface":"east"},"up":{"uv":[0.75,10,1,10.25],"texture":"#tan4","cullface":"east"},"south":{"uv":[0.75,7.5,1,7.75],"texture":"#tan4","cullface":"east"},"west":{"uv":[10,7.5,10.25,7.75],"texture":"#tan4","cullface":"east"},"east":{"uv":[5.75,7.5,6,7.75],"texture":"#tan4","cullface":"east"}}},{"from":[17,8,8.5],"to":[18,8.25,10.25],"faces":{"down":{"uv":[1,5.75,2,7.5],"texture":"#tan4","cullface":"east"},"up":{"uv":[1,8.5,2,10.25],"texture":"#tan4","cullface":"east"},"north":{"uv":[14,7.75,15,8],"texture":"#tan4","cullface":"east"},"south":{"uv":[1,7.75,2,8],"texture":"#tan4","cullface":"east"},"west":{"uv":[8.5,7.75,10.25,8],"texture":"#tan4","cullface":"east"},"east":{"uv":[5.75,7.75,7.5,8],"texture":"#tan4","cullface":"east"}}},{"from":[17.25,7.75,8.75],"to":[18,8,10],"faces":{"down":{"uv":[1.25,6,2,7.25],"texture":"#tan4","cullface":"east"},"north":{"uv":[14,8,14.75,8.25],"texture":"#tan4","cullface":"east"},"south":{"uv":[1.25,8,2,8.25],"texture":"#tan4","cullface":"east"},"west":{"uv":[8.75,8,10,8.25],"texture":"#tan4","cullface":"east"}}},{"from":[17.25,8.25,8.5],"to":[18,8.5,8.75],"faces":{"up":{"uv":[1.25,8.5,2,8.75],"texture":"#tan4","cullface":"east"},"north":{"uv":[14,7.5,14.75,7.75],"texture":"#tan4","cullface":"east"},"west":{"uv":[8.5,7.5,8.75,7.75],"texture":"#tan4","cullface":"east"}}},{"from":[17.25,8.25,10],"to":[18,8.5,10.25],"faces":{"up":{"uv":[1.25,10,2,10.25],"texture":"#tan4","cullface":"east"},"south":{"uv":[1.25,7.5,2,7.75],"texture":"#tan4","cullface":"east"},"west":{"uv":[10,7.5,10.25,7.75],"texture":"#tan4","cullface":"east"}}},{"from":[17.25,8.5,8.75],"to":[18,8.75,10],"faces":{"up":{"uv":[1.25,8.75,2,10],"texture":"#tan4","cullface":"east"},"north":{"uv":[14,7.25,14.75,7.5],"texture":"#tan4","cullface":"east"},"south":{"uv":[1.25,7.25,2,7.5],"texture":"#tan4","cullface":"east"},"west":{"uv":[8.75,7.25,10,7.5],"texture":"#tan4","cullface":"east"}}},{"from":[17.5,7.75,8.5],"to":[18,8,8.75],"faces":{"down":{"uv":[1.5,7.25,2,7.5],"texture":"#tan4","cullface":"east"},"north":{"uv":[14,8,14.5,8.25],"texture":"#tan4","cullface":"east"},"west":{"uv":[8.5,8,8.75,8.25],"texture":"#tan4","cullface":"east"}}},{"from":[17.5,7.75,10],"to":[18,8,10.25],"faces":{"down":{"uv":[1.5,5.75,2,6],"texture":"#tan4","cullface":"east"},"south":{"uv":[1.5,8,2,8.25],"texture":"#tan4","cullface":"east"},"west":{"uv":[10,8,10.25,8.25],"texture":"#tan4","cullface":"east"}}},{"from":[17.5,8.5,8.5],"to":[18,11,8.75],"faces":{"north":{"uv":[14,5,14.5,7.5],"texture":"#tan4","cullface":"east"},"south":{"uv":[1.5,5,2,7.5],"texture":"#tan4","cullface":"east"},"west":{"uv":[8.5,5,8.75,7.5],"texture":"#tan4","cullface":"east"}}},{"from":[17.5,8.5,10],"to":[18,8.75,10.25],"faces":{"up":{"uv":[1.5,10,2,10.25],"texture":"#tan4","cullface":"east"},"south":{"uv":[1.5,7.25,2,7.5],"texture":"#tan4","cullface":"east"},"west":{"uv":[10,7.25,10.25,7.5],"texture":"#tan4","cullface":"east"}}},{"from":[17.5,8.75,8.75],"to":[18,10.75,9],"faces":{"south":{"uv":[1.5,5.25,2,7.25],"texture":"#tan4","cullface":"east"},"west":{"uv":[8.75,5.25,9,7.25],"texture":"#tan4","cullface":"east"},"east":{"uv":[7,5.25,7.25,7.25],"texture":"#tan4","cullface":"east"}}},{"from":[17.5,8.75,9],"to":[18,10.5,9.75],"faces":{"south":{"uv":[1.5,5.5,2,7.25],"texture":"#tan4","cullface":"east"},"west":{"uv":[9,5.5,9.75,7.25],"texture":"#tan4","cullface":"east"},"east":{"uv":[6.25,5.5,7,7.25],"texture":"#tan4","cullface":"east"}}},{"from":[17.75,8.75,9.75],"to":[18,10.75,10.25],"faces":{"down":{"uv":[1.75,5.75,2,6.25],"texture":"#tan4","cullface":"east"},"up":{"uv":[1.75,9.75,2,10.25],"texture":"#tan4","cullface":"east"},"north":{"uv":[14,5.25,14.25,7.25],"texture":"#tan4","cullface":"east"},"south":{"uv":[1.75,5.25,2,7.25],"texture":"#tan4","cullface":"east"},"west":{"uv":[9.75,5.25,10.25,7.25],"texture":"#tan4","cullface":"east"},"east":{"uv":[5.75,5.25,6.25,7.25],"texture":"#tan4","cullface":"east"}}},{"from":[17.75,10.75,10],"to":[18,11,10.25],"faces":{"south":{"uv":[1.75,5,2,5.25],"texture":"#tan4","cullface":"east"},"west":{"uv":[10,5,10.25,5.25],"texture":"#tan4","cullface":"east"}}},{"from":[18,7.75,8.5],"to":[18.25,11.25,8.75],"faces":{"down":{"uv":[2,7.25,2.25,7.5],"texture":"#gray1","cullface":"east"},"up":{"uv":[2,8.5,2.25,8.75],"texture":"#gray1","cullface":"east"},"north":{"uv":[13.75,4.75,14,8.25],"texture":"#gray1","cullface":"east"},"south":{"uv":[2,4.75,2.25,8.25],"texture":"#gray1","cullface":"east"},"west":{"uv":[8.5,4.75,8.75,8.25],"texture":"#gray1","cullface":"east"},"east":{"uv":[7.25,4.75,7.5,8.25],"texture":"#gray1","cullface":"east"}}},{"from":[18,7.75,8.75],"to":[18.25,9.5,10.25],"faces":{"down":{"uv":[2,5.75,2.25,7.25],"texture":"#gray1","cullface":"east"},"up":{"uv":[2,8.75,2.25,10.25],"texture":"#gray1","cullface":"east"},"south":{"uv":[2,6.5,2.25,8.25],"texture":"#gray1","cullface":"east"},"west":{"uv":[8.75,6.5,10.25,8.25],"texture":"#gray1","cullface":"east"},"east":{"uv":[5.75,6.5,7.25,8.25],"texture":"#gray1","cullface":"east"}}},{"from":[18,9.5,8.75],"to":[18.25,10.75,9],"faces":{"south":{"uv":[2,5.25,2.25,6.5],"texture":"#tan4","cullface":"east"}}},{"from":[18,9.5,9],"to":[18.25,10.5,10],"faces":{"up":{"uv":[2,9,2.25,10],"texture":"#tan4","cullface":"east"},"west":{"uv":[9,5.5,10,6.5],"texture":"#tan4","cullface":"east"}}},{"from":[18,9.5,10],"to":[18.5,11.25,10.25],"faces":{"down":{"uv":[2,5.75,2.5,6],"texture":"#gray1","cullface":"east"},"up":{"uv":[2,10,2.5,10.25],"texture":"#gray1","cullface":"east"},"north":{"uv":[13.5,4.75,14,6.5],"texture":"#gray1","cullface":"east"},"south":{"uv":[2,4.75,2.5,6.5],"texture":"#gray1","cullface":"east"},"west":{"uv":[10,4.75,10.25,6.5],"texture":"#gray1","cullface":"east"},"east":{"uv":[5.75,4.75,6,6.5],"texture":"#gray1","cullface":"east"}}},{"from":[18,11.25,8.75],"to":[18.5,11.5,10],"faces":{"down":{"uv":[2,6,2.5,7.25],"texture":"#gray1","cullface":"east"},"up":{"uv":[2,8.75,2.5,10],"texture":"#gray1","cullface":"east"},"north":{"uv":[13.5,4.5,14,4.75],"texture":"#gray1","cullface":"east"},"south":{"uv":[2,4.5,2.5,4.75],"texture":"#gray1","cullface":"east"},"west":{"uv":[8.75,4.5,10,4.75],"texture":"#gray1","cullface":"east"},"east":{"uv":[6,4.5,7.25,4.75],"texture":"#gray1","cullface":"east"}}},{"from":[18.25,9.5,8.5],"to":[18.5,11.25,10],"faces":{"down":{"uv":[2.25,6,2.5,7.5],"texture":"#gray1","cullface":"east"},"up":{"uv":[2.25,8.5,2.5,10],"texture":"#gray1","cullface":"east"},"north":{"uv":[13.5,4.75,13.75,6.5],"texture":"#gray1","cullface":"east"},"west":{"uv":[8.5,4.75,10,6.5],"texture":"#gray1","cullface":"east"},"east":{"uv":[6,4.75,7.5,6.5],"texture":"#gray1","cullface":"east"}}}],"display":{"thirdperson_righthand":{"rotation":[0,-90,0],"translation":[1.51,-1.89,-3.21],"scale":[1.2,1.2,1.2]},"thirdperson_lefthand":{"rotation":[0,90,0],"translation":[-1.7,-1.89,-3.21],"scale":[1.2,1.2,1.2]},"firstperson_righthand":{"rotation":[0,-90,0],"translation":[4.54,-3.21,-7.18],"scale":[1.4,1.4,1.4]},"firstperson_lefthand":{"rotation":[0,91,0],"translation":[0.94,-3.21,-7.18],"scale":[1.4,1.4,1.4]},"gui":{"rotation":[0,0,-45],"translation":[-1.32,-1.32,-0.76],"scale":[0.9,0.9,0.9]},"ground":{"rotation":[90,0,0],"translation":[-1.12,0,0.94],"scale":[1.2,1.2,1.2]},"fixed":{"translation":[0,0,-1.32]}}}