{
    "mob.creeper.death": {
        "category": "player",
        "replace": true,
        "sounds": [
		    "mob/creeper/death"
        ]
    },
	"mob.horse.donkey.death": {
        "category": "player",
        "replace": true,
        "sounds": [
		    "mob/horse/donkey/death"
        ]
    },
	"mob.irongolem.throw": {
        "category": "player",
        "replace": true,
        "sounds": [
		    "mob/irongolem/throw"
        ]
    },
	"mob.irongolem.death": {
        "category": "player",
        "replace": true,
        "sounds": [
		    "mob/irongolem/death"
        ]
    },
	"mob.bat.death": {
        "category": "player",
        "replace": true,
        "sounds": [
		    "mob/bat/death"
        ]
    },
	"mob.blaze.death": {
        "category": "player",
        "replace": true,
        "sounds": [
		    "mob/blaze/death"
        ]
    }
}